Timestamp,Symbol,Signal,Direction,Entry,Stop,Target,RR,VolRatio,Confidence,FII_DII
2026-08-10 09:20:55,FORTIS,FIIDII_BRK_LONG_FII_V2,CE,974.25,934.34,1074.03,2.50,2.94,VERY_HIGH,STRONG_BUY
2026-08-10 09:25:17,KAYNES,FIIDII_BRK_SHORT_GENERAL,PE,3676.50,3951.72,2988.45,2.50,6.79,HIGH,NEUTRAL
2026-08-10 09:25:17,SONACOMS,FIIDII_BRK_LONG_GENERAL,CE,833.55,802.59,910.96,2.50,3.29,HIGH,NEUTRAL
2026-08-10 09:25:17,INOXWIND,FIIDII_BRK_SHORT_GENERAL,PE,75.70,79.79,65.48,2.50,5.85,HIGH,BUY
2026-08-10 09:25:17,INDUSTOWER,FIIDII_BRK_SHORT_GENERAL,PE,375.90,390.17,340.23,2.50,4.53,HIGH,NEUTRAL
2026-08-10 09:25:17,GVT&D,FIIDII_BRK_SHORT_GENERAL,PE,4162.90,4412.00,3540.16,2.50,5.63,HIGH,NEUTRAL
2026-08-10 09:25:17,OIL,FIIDII_BRK_LONG_GENERAL,CE,458.05,439.58,504.23,2.50,6.45,HIGH,BUY
2026-08-10 09:25:17,SAIL,FIIDII_BRK_LONG_GENERAL,CE,177.10,172.28,189.15,2.50,4.08,HIGH,NEUTRAL
2026-08-10 09:30:44,PAYTM,FIIDII_BRK_LONG_GENERAL,CE,1479.60,1406.77,1661.68,2.50,5.01,HIGH,NEUTRAL
2026-08-10 09:30:44,HINDALCO,FIIDII_BRK_LONG_GENERAL,CE,1058.75,1010.26,1179.97,2.50,2.95,HIGH,NEUTRAL
2026-08-10 09:30:44,RECLTD,FIIDII_BRK_SHORT_GENERAL,PE,359.30,368.45,336.42,2.50,5.05,HIGH,NEUTRAL
2026-08-10 09:30:44,SWIGGY,FIIDII_BRK_SHORT_GENERAL,PE,276.25,293.38,233.43,2.50,4.25,HIGH,NEUTRAL
2026-08-10 09:30:45,GRASIM,FIIDII_BRK_LONG_FII_V2,CE,3344.30,3270.56,3528.65,2.50,2.48,VERY_HIGH,STRONG_BUY
2026-08-10 09:35:08,COFORGE,FIIDII_BRK_LONG_GENERAL,CE,1802.20,1756.61,1916.16,2.50,4.41,VERY_HIGH,STRONG_BUY
2026-08-10 09:35:08,GODREJCP,FIIDII_BRK_SHORT_GENERAL,PE,1038.20,1071.10,955.94,2.50,2.55,HIGH,BUY
2026-08-10 09:35:08,VEDL,FIIDII_BRK_LONG_GENERAL,CE,278.20,268.69,301.97,2.50,4.36,HIGH,NEUTRAL
2026-08-10 09:35:08,NBCC,FIIDII_BRK_SHORT_GENERAL,PE,94.50,96.54,89.40,2.50,3.57,HIGH,NEUTRAL
2026-08-10 09:35:08,DLF,FIIDII_BRK_SHORT_GENERAL,PE,641.05,665.44,580.07,2.50,2.97,HIGH,NEUTRAL
2026-08-10 09:35:08,HYUNDAI,FIIDII_BRK_LONG_GENERAL,CE,2219.90,2201.68,2265.46,2.50,4.88,HIGH,NEUTRAL
2026-08-10 09:35:08,ANGELONE,FIIDII_BRK_SHORT_GENERAL,PE,287.90,300.85,255.53,2.50,3.71,HIGH,BUY
2026-08-10 09:35:08,KFINTECH,FIIDII_BRK_SHORT_GENERAL,PE,925.00,955.96,847.60,2.50,4.23,HIGH,NEUTRAL
2026-08-10 09:35:08,ADANIGREEN,FIIDII_BRK_SHORT_GENERAL,PE,1361.00,1397.58,1269.55,2.50,3.77,HIGH,STRONG_BUY
2026-08-10 09:35:08,MOTILALOFS,FIIDII_BRK_SHORT_GENERAL,PE,862.75,875.52,830.83,2.50,1.92,VERY_HIGH,STRONG_SELL
2026-08-10 09:35:08,SRF,FIIDII_BRK_SHORT_GENERAL,PE,2600.80,2647.42,2484.25,2.50,2.07,HIGH,NEUTRAL
2026-08-10 09:35:08,SBICARD,FIIDII_BRK_SHORT_GENERAL,PE,651.35,664.09,619.51,2.50,2.39,HIGH,BUY
2026-08-10 09:35:08,POLICYBZR,FIIDII_BRK_SHORT_GENERAL,PE,1594.50,1624.26,1520.10,2.50,2.84,HIGH,NEUTRAL
2026-08-10 09:35:08,KALYANKJIL,FIIDII_BRK_LONG_GENERAL,CE,611.90,574.07,706.47,2.50,3.36,HIGH,NEUTRAL
2026-08-10 09:35:08,SUZLON,FIIDII_BRK_SHORT_GENERAL,PE,47.64,48.84,44.65,2.50,3.76,HIGH,STRONG_BUY
2026-08-10 09:35:08,COFORGE,FIIDII_BRK_LONG_FII,CE,1802.20,1756.61,1916.16,2.50,4.41,VERY_HIGH,STRONG_BUY
2026-08-10 09:35:08,MOTILALOFS,FIIDII_BRK_SHORT_FII,PE,862.75,875.52,830.83,2.50,1.92,VERY_HIGH,STRONG_SELL
2026-08-10 09:35:08,MOTILALOFS,FIIDII_BRK_SHORT_FII_V2,PE,862.75,878.33,823.81,2.50,1.92,VERY_HIGH,STRONG_SELL
2026-08-10 09:40:32,LUPIN,FIIDII_BRK_SHORT_GENERAL,PE,2294.30,2396.67,2038.38,2.50,4.96,HIGH,BUY
2026-08-10 09:40:32,PNBHOUSING,FIIDII_BRK_LONG_GENERAL,CE,1153.10,1125.01,1223.31,2.50,2.12,HIGH,NEUTRAL
2026-08-10 09:40:32,LTM,FIIDII_BRK_LONG_GENERAL,CE,4727.90,4529.17,5224.72,2.50,3.07,VERY_HIGH,STRONG_BUY
2026-08-10 09:40:32,LTM,FIIDII_BRK_LONG_FII,CE,4727.90,4529.17,5224.72,2.50,3.07,VERY_HIGH,STRONG_BUY
2026-08-10 09:40:33,LTM,FIIDII_BRK_LONG_FII_V2,CE,4727.90,4616.21,5007.13,2.50,3.07,VERY_HIGH,STRONG_BUY
2026-08-10 09:45:54,VOLTAS,FIIDII_BRK_SHORT_GENERAL,PE,1275.90,1330.98,1138.20,2.50,2.85,HIGH,NEUTRAL
2026-08-10 09:45:54,BLUESTARCO,FIIDII_BRK_SHORT_GENERAL,PE,1499.60,1714.03,963.53,2.50,2.55,HIGH,NEUTRAL
2026-08-10 09:50:13,PRESTIGE,FIIDII_BRK_SHORT_GENERAL,PE,1570.40,1643.92,1386.61,2.50,3.28,HIGH,NEUTRAL
2026-08-10 09:50:13,TITAN,FIIDII_BRK_LONG_GENERAL,CE,5035.00,4881.31,5419.22,2.50,3.08,HIGH,NEUTRAL
2026-08-10 09:55:38,JSWENERGY,FIIDII_BRK_LONG_GENERAL,CE,568.80,561.86,586.15,2.50,2.99,VERY_HIGH,STRONG_BUY
2026-08-10 09:55:38,INDHOTEL,FIIDII_BRK_SHORT_GENERAL,PE,722.50,751.95,648.88,2.50,4.96,HIGH,NEUTRAL
2026-08-10 09:55:38,MFSL,FIIDII_BRK_SHORT_GENERAL,PE,1480.10,1535.89,1340.62,2.50,2.64,HIGH,NEUTRAL
2026-08-10 09:55:38,PETRONET,FIIDII_BRK_SHORT_GENERAL,PE,277.70,282.75,265.09,2.50,3.06,HIGH,NEUTRAL
2026-08-10 09:55:38,JSWENERGY,FIIDII_BRK_LONG_FII,CE,568.80,561.86,586.15,2.50,2.99,VERY_HIGH,STRONG_BUY
2026-08-10 09:55:38,COFORGE,FIIDII_BRK_LONG_FII_V2,CE,1801.30,1766.19,1889.09,2.50,2.73,VERY_HIGH,STRONG_BUY
2026-08-10 09:55:38,MPHASIS,FIIDII_BRK_LONG_FII_V2,CE,2497.40,2464.98,2578.44,2.50,2.19,VERY_HIGH,STRONG_BUY
2026-08-10 09:55:38,JSWENERGY,FIIDII_BRK_LONG_FII_V2,CE,568.80,562.31,585.03,2.50,2.99,VERY_HIGH,STRONG_BUY
2026-08-10 10:01:00,NATIONALUM,FIIDII_BRK_LONG_GENERAL,CE,386.70,377.51,409.66,2.50,2.82,HIGH,NEUTRAL
2026-08-10 10:01:00,INFY,FIIDII_BRK_LONG_GENERAL,CE,1187.10,1162.70,1248.10,2.50,2.88,HIGH,NEUTRAL
2026-08-10 10:01:00,TCS,FIIDII_BRK_LONG_GENERAL,CE,2462.30,2427.50,2549.31,2.50,2.75,VERY_HIGH,STRONG_BUY
2026-08-10 10:01:00,LAURUSLABS,FIIDII_BRK_LONG_GENERAL,CE,1858.70,1837.87,1910.78,2.50,2.89,HIGH,NEUTRAL
2026-08-10 10:05:17,ADANIENT,FIIDII_BRK_SHORT_GENERAL,PE,2974.50,3071.69,2731.53,2.50,2.89,HIGH,NEUTRAL
2026-08-10 10:10:40,NAUKRI,FIIDII_BRK_LONG_GENERAL,CE,1259.10,1240.37,1305.93,2.50,2.21,HIGH,NEUTRAL
2026-08-10 10:16:01,JIOFIN,FIIDII_BRK_SHORT_GENERAL,PE,256.40,265.54,233.54,2.50,2.43,HIGH,NEUTRAL
2026-08-10 10:20:58,ICICIGI,FIIDII_BRK_SHORT_GENERAL,PE,1618.70,1709.21,1392.42,2.50,2.62,HIGH,NEUTRAL
2026-08-10 10:25:13,KPITTECH,FIIDII_BRK_LONG_GENERAL,CE,636.90,620.98,676.70,2.50,2.33,HIGH,NEUTRAL
2026-08-10 10:25:14,TCS,FIIDII_BRK_LONG_FII,CE,2469.70,2420.32,2593.16,2.50,2.26,VERY_HIGH,STRONG_BUY
2026-08-10 10:25:14,TCS,FIIDII_BRK_LONG_FII_V2,CE,2469.70,2439.06,2546.30,2.50,2.26,VERY_HIGH,STRONG_BUY
2026-08-10 10:35:54,PFC,FIIDII_BRK_SHORT_GENERAL,PE,400.55,417.00,359.43,2.50,2.24,HIGH,NEUTRAL
2026-08-10 10:35:54,PIDILITIND,FIIDII_BRK_LONG_GENERAL,CE,1670.90,1629.30,1774.91,2.50,2.15,HIGH,NEUTRAL
2026-08-10 10:40:13,SHRIRAMFIN,FIIDII_BRK_LONG_GENERAL,CE,1123.30,1097.10,1188.80,2.50,1.99,HIGH,NEUTRAL
2026-08-10 10:40:13,TATAELXSI,FIIDII_BRK_LONG_GENERAL,CE,3831.20,3729.78,4084.76,2.50,2.26,VERY_HIGH,STRONG_BUY
2026-08-10 10:40:13,TATAELXSI,FIIDII_BRK_LONG_FII,CE,3831.20,3729.78,4084.76,2.50,2.26,VERY_HIGH,STRONG_BUY
2026-08-10 10:40:13,TATAELXSI,FIIDII_BRK_LONG_FII_V2,CE,3831.20,3768.66,3987.55,2.50,2.26,VERY_HIGH,STRONG_BUY
2026-08-11 09:21:20,GRASIM,FIIDII_BRK_LONG_GENERAL,CE,3366.20,3203.36,3773.30,2.50,2.01,HIGH,BUY
2026-08-11 09:21:20,IDEA,FIIDII_BRK_LONG_GENERAL,CE,13.07,12.73,13.92,2.50,7.0,VERY_HIGH,STRONG_BUY
2026-08-11 09:21:20,INOXWIND,FIIDII_BRK_SHORT_GENERAL,PE,73.49,78.98,59.77,2.50,2.35,HIGH,BUY
2026-08-11 09:21:20,LICI,FIIDII_BRK_LONG_GENERAL,CE,400.30,386.84,433.96,2.50,7.09,HIGH,NEUTRAL
2026-08-11 09:21:20,NAUKRI,FIIDII_BRK_LONG_GENERAL,CE,1319.70,1238.47,1522.77,2.50,3.33,VERY_HIGH,STRONG_BUY
2026-08-11 09:21:20,IDEA,FIIDII_BRK_LONG_FII,CE,13.07,12.73,13.92,2.50,7.0,VERY_HIGH,STRONG_BUY
2026-08-11 09:21:20,NAUKRI,FIIDII_BRK_LONG_FII,CE,1319.70,1238.47,1522.77,2.50,3.33,VERY_HIGH,STRONG_BUY
2026-08-11 09:21:20,IDEA,FIIDII_BRK_LONG_FII_V2,CE,13.07,12.81,13.72,2.50,7.0,VERY_HIGH,STRONG_BUY
2026-08-11 09:21:20,NAUKRI,FIIDII_BRK_LONG_FII_V2,CE,1319.70,1249.24,1495.85,2.50,3.33,VERY_HIGH,STRONG_BUY
2026-08-11 09:25:38,PRESTIGE,FIIDII_BRK_LONG_GENERAL,CE,1626.80,1584.43,1732.72,2.50,5.41,HIGH,NEUTRAL
2026-08-11 09:25:38,ASTRAL,FIIDII_BRK_SHORT_GENERAL,PE,1424.30,1452.64,1353.44,2.50,3.31,HIGH,BUY
2026-08-11 09:25:38,VOLTAS,FIIDII_BRK_SHORT_GENERAL,PE,1278.70,1315.84,1185.86,2.50,2.12,HIGH,NEUTRAL
2026-08-11 09:25:38,ADANIENSOL,FIIDII_BRK_LONG_GENERAL,CE,1646.80,1620.32,1712.99,2.50,6.16,HIGH,NEUTRAL
2026-08-11 09:25:38,CROMPTON,FIIDII_BRK_SHORT_GENERAL,PE,247.95,269.10,195.06,2.50,2.88,HIGH,NEUTRAL
2026-08-11 09:25:38,PAYTM,FIIDII_BRK_LONG_GENERAL,CE,1603.80,1436.68,2021.61,2.50,2.31,VERY_HIGH,STRONG_BUY
2026-08-11 09:25:38,MFSL,FIIDII_BRK_SHORT_GENERAL,PE,1486.90,1548.63,1332.57,2.50,4.86,HIGH,NEUTRAL
2026-08-11 09:25:38,SWIGGY,FIIDII_BRK_SHORT_GENERAL,PE,276.75,305.91,203.84,2.50,4.41,HIGH,NEUTRAL
2026-08-11 09:25:38,GMRAIRPORT,FIIDII_BRK_SHORT_GENERAL,PE,105.54,106.82,102.34,2.50,4.18,HIGH,NEUTRAL
2026-08-11 09:25:38,DELHIVERY,FIIDII_BRK_LONG_GENERAL,CE,478.85,468.39,505.00,2.50,2.56,VERY_HIGH,STRONG_BUY
2026-08-11 09:25:38,SAIL,FIIDII_BRK_SHORT_GENERAL,PE,173.18,178.65,159.49,2.50,2.77,HIGH,BUY
2026-08-11 09:25:38,PAYTM,FIIDII_BRK_LONG_FII,CE,1603.80,1436.68,2021.61,2.50,2.31,VERY_HIGH,STRONG_BUY
2026-08-11 09:25:38,DELHIVERY,FIIDII_BRK_LONG_FII,CE,478.85,468.39,505.00,2.50,2.56,VERY_HIGH,STRONG_BUY
2026-08-11 09:25:38,PAYTM,FIIDII_BRK_LONG_FII_V2,CE,1603.80,1570.28,1687.61,2.50,2.31,VERY_HIGH,STRONG_BUY
2026-08-11 09:30:59,KAYNES,FIIDII_BRK_SHORT_GENERAL,PE,3788.00,3937.78,3413.56,2.50,3.28,VERY_HIGH,STRONG_SELL
2026-08-11 09:30:59,BHARATFORG,FIIDII_BRK_SHORT_GENERAL,PE,2064.20,2225.96,1659.81,2.50,1.99,HIGH,BUY
2026-08-11 09:30:59,MCX,FIIDII_BRK_LONG_GENERAL,CE,2757.80,2630.29,3076.59,2.50,3.16,HIGH,BUY
2026-08-11 09:30:59,HEROMOTOCO,FIIDII_BRK_LONG_GENERAL,CE,5895.50,5624.08,6574.06,2.50,4.29,HIGH,NEUTRAL
2026-08-11 09:30:59,VEDL,FIIDII_BRK_LONG_GENERAL,CE,284.65,277.66,302.11,2.50,4.1,HIGH,BUY
2026-08-11 09:30:59,HDFCAMC,FIIDII_BRK_SHORT_GENERAL,PE,2518.40,2555.54,2425.54,2.50,3.66,HIGH,NEUTRAL
2026-08-11 09:30:59,NYKAA,FIIDII_BRK_SHORT_GENERAL,PE,324.30,334.00,300.05,2.50,2.85,HIGH,BUY
2026-08-11 09:30:59,OIL,FIIDII_BRK_LONG_GENERAL,CE,480.95,439.78,583.88,2.50,5.56,VERY_HIGH,STRONG_BUY
2026-08-11 09:30:59,BSE,FIIDII_BRK_LONG_GENERAL,CE,3542.00,3471.55,3718.11,2.50,4.59,HIGH,BUY
2026-08-11 09:30:59,SUZLON,FIIDII_BRK_SHORT_GENERAL,PE,47.50,48.36,45.34,2.50,3.32,HIGH,NEUTRAL
2026-08-11 09:30:59,KAYNES,FIIDII_BRK_SHORT_FII,PE,3788.00,3937.78,3413.56,2.50,3.28,VERY_HIGH,STRONG_SELL
2026-08-11 09:30:59,OIL,FIIDII_BRK_LONG_FII,CE,480.95,439.78,583.88,2.50,5.56,VERY_HIGH,STRONG_BUY
2026-08-11 09:30:59,OIL,FIIDII_BRK_LONG_FII_V2,CE,480.95,450.25,557.71,2.50,5.56,VERY_HIGH,STRONG_BUY
2026-08-11 09:35:16,MAXHEALTH,FIIDII_BRK_SHORT_GENERAL,PE,1050.50,1079.63,977.68,2.50,2.35,HIGH,BUY
2026-08-11 09:35:16,INDHOTEL,FIIDII_BRK_SHORT_GENERAL,PE,724.15,746.03,669.45,2.50,3.06,HIGH,NEUTRAL
2026-08-11 09:35:16,ZYDUSLIFE,FIIDII_BRK_LONG_GENERAL,CE,1128.90,1111.65,1172.01,2.50,3.57,HIGH,NEUTRAL
2026-08-11 09:40:38,PATANJALI,FIIDII_BRK_LONG_GENERAL,CE,362.40,353.04,385.81,2.50,4.86,HIGH,STRONG_SELL
2026-08-11 09:40:38,MPHASIS,FIIDII_BRK_LONG_GENERAL,CE,2509.10,2425.30,2718.59,2.50,2.84,HIGH,NEUTRAL
2026-08-11 09:45:58,NATIONALUM,FIIDII_BRK_LONG_GENERAL,CE,390.50,377.46,423.09,2.50,3.48,HIGH,NEUTRAL
2026-08-11 09:45:58,BIOCON,FIIDII_BRK_SHORT_GENERAL,PE,420.90,439.97,373.24,2.50,3.37,HIGH,NEUTRAL
2026-08-11 09:45:58,TORNTPHARM,FIIDII_BRK_SHORT_GENERAL,PE,4869.00,5005.47,4527.82,2.50,3.23,HIGH,NEUTRAL
2026-08-11 09:45:58,PETRONET,FIIDII_BRK_SHORT_GENERAL,PE,275.90,282.80,258.66,2.50,4.5,HIGH,NEUTRAL
2026-08-11 09:50:12,ASHOKLEY,FIIDII_BRK_SHORT_GENERAL,PE,173.89,177.02,166.07,2.50,3.01,HIGH,NEUTRAL
2026-08-11 09:56:01,NESTLEIND,FIIDII_BRK_SHORT_GENERAL,PE,1512.70,1531.48,1465.75,2.50,3.53,HIGH,NEUTRAL
2026-08-11 09:56:01,DELHIVERY,FIIDII_BRK_LONG_FII_V2,CE,484.05,477.76,499.77,2.50,2.56,VERY_HIGH,STRONG_BUY
2026-08-11 10:00:15,BANKBARODA,FIIDII_BRK_SHORT_GENERAL,PE,244.60,248.57,234.67,2.50,3.36,HIGH,NEUTRAL
2026-08-11 10:00:15,HINDPETRO,FIIDII_BRK_SHORT_GENERAL,PE,390.70,396.18,376.99,2.50,2.6,HIGH,NEUTRAL
2026-08-11 10:00:15,LUPIN,FIIDII_BRK_SHORT_GENERAL,PE,2282.90,2423.85,1930.53,2.50,2.0,HIGH,BUY
2026-08-11 10:00:15,JUBLFOOD,FIIDII_BRK_LONG_GENERAL,CE,493.30,476.52,535.26,2.50,2.38,HIGH,NEUTRAL
2026-08-11 10:00:15,HCLTECH,FIIDII_BRK_LONG_GENERAL,CE,1379.50,1330.50,1502.01,2.50,2.67,HIGH,NEUTRAL
2026-08-11 10:00:15,POLICYBZR,FIIDII_BRK_LONG_GENERAL,CE,1668.60,1629.50,1766.36,2.50,2.87,HIGH,BUY
2026-08-11 10:05:33,ADANIPOWER,FIIDII_BRK_LONG_GENERAL,CE,210.81,206.56,221.44,2.50,2.11,HIGH,NEUTRAL
2026-08-11 10:10:51,INDUSTOWER,FIIDII_BRK_SHORT_GENERAL,PE,375.70,388.71,343.17,2.50,2.26,HIGH,BUY
2026-08-11 10:15:05,NAM-INDIA,FIIDII_BRK_SHORT_GENERAL,PE,1171.70,1215.74,1061.61,2.50,3.14,HIGH,NEUTRAL
2026-08-11 10:20:33,ABCAPITAL,FIIDII_BRK_SHORT_GENERAL,PE,404.40,423.02,357.86,2.50,3.0,HIGH,NEUTRAL
2026-08-11 10:20:33,KFINTECH,FIIDII_BRK_SHORT_GENERAL,PE,926.75,949.39,870.15,2.50,2.0,HIGH,NEUTRAL
2026-08-11 10:20:33,HDFCLIFE,FIIDII_BRK_SHORT_GENERAL,PE,535.05,546.58,506.21,2.50,2.32,HIGH,STRONG_BUY
2026-08-11 10:20:33,MOTILALOFS,FIIDII_BRK_LONG_GENERAL,CE,888.80,862.21,955.29,2.50,2.13,HIGH,NEUTRAL
2026-08-11 10:20:33,KAYNES,FIIDII_BRK_SHORT_FII_V2,PE,3659.90,3763.26,3401.51,2.50,2.72,VERY_HIGH,STRONG_SELL
2026-08-12 09:21:11,NATIONALUM,FIIDII_BRK_LONG_GENERAL,CE,416.00,377.21,512.96,2.50,8.25,VERY_HIGH,STRONG_BUY
2026-08-12 09:21:11,BDL,FIIDII_BRK_LONG_GENERAL,CE,1312.90,1289.52,1371.35,2.50,6.37,HIGH,NEUTRAL
2026-08-12 09:21:11,GODREJCP,FIIDII_BRK_SHORT_GENERAL,PE,941.70,1081.03,593.37,2.50,9.26,HIGH,NEUTRAL
2026-08-12 09:21:11,CDSL,FIIDII_BRK_LONG_GENERAL,CE,1337.40,1321.72,1376.59,2.50,3.7,HIGH,NEUTRAL
2026-08-12 09:21:11,DIVISLAB,FIIDII_BRK_LONG_GENERAL,CE,8641.50,8231.23,9667.17,2.50,4.75,VERY_HIGH,STRONG_BUY
2026-08-12 09:21:11,MCX,FIIDII_BRK_LONG_GENERAL,CE,2934.30,2662.09,3614.83,2.50,5.84,HIGH,NEUTRAL
2026-08-12 09:21:11,NAM-INDIA,FIIDII_BRK_SHORT_GENERAL,PE,1168.60,1190.46,1113.95,2.50,2.39,VERY_HIGH,STRONG_SELL
2026-08-12 09:21:11,IDEA,FIIDII_BRK_LONG_GENERAL,CE,13.19,12.66,14.51,2.50,4.94,HIGH,BUY
2026-08-12 09:21:11,COCHINSHIP,FIIDII_BRK_SHORT_GENERAL,PE,1498.10,1513.53,1459.53,2.50,4.39,HIGH,NEUTRAL
2026-08-12 09:21:11,ANGELONE,FIIDII_BRK_SHORT_GENERAL,PE,287.30,294.78,268.60,2.50,2.71,HIGH,BUY
2026-08-12 09:21:11,BSE,FIIDII_BRK_LONG_GENERAL,CE,3573.00,3447.63,3886.43,2.50,3.66,HIGH,NEUTRAL
2026-08-12 09:21:11,HINDALCO,FIIDII_BRK_LONG_GENERAL,CE,1086.15,1027.96,1231.63,2.50,6.83,HIGH,NEUTRAL
2026-08-12 09:21:11,FORTIS,FIIDII_BRK_SHORT_GENERAL,PE,925.40,952.95,856.52,2.50,4.86,HIGH,NEUTRAL
2026-08-12 09:21:11,GMRAIRPORT,FIIDII_BRK_SHORT_GENERAL,PE,104.00,107.51,95.22,2.50,2.61,HIGH,BUY
2026-08-12 09:21:11,MAZDOCK,FIIDII_BRK_LONG_GENERAL,CE,2543.50,2500.48,2651.06,2.50,4.21,HIGH,NEUTRAL
2026-08-12 09:21:11,NATIONALUM,FIIDII_BRK_LONG_FII,CE,416.00,377.21,512.96,2.50,8.25,VERY_HIGH,STRONG_BUY
2026-08-12 09:21:11,DIVISLAB,FIIDII_BRK_LONG_FII,CE,8641.50,8231.23,9667.17,2.50,4.75,VERY_HIGH,STRONG_BUY
2026-08-12 09:21:11,NAM-INDIA,FIIDII_BRK_SHORT_FII,PE,1168.60,1190.46,1113.95,2.50,2.39,VERY_HIGH,STRONG_SELL
2026-08-12 09:21:11,NATIONALUM,FIIDII_BRK_LONG_FII_V2,CE,416.00,383.35,497.63,2.50,8.25,VERY_HIGH,STRONG_BUY
2026-08-12 09:21:11,DIVISLAB,FIIDII_BRK_LONG_FII_V2,CE,8641.50,8443.09,9137.51,2.50,4.75,VERY_HIGH,STRONG_BUY
2026-08-12 09:21:11,NAM-INDIA,FIIDII_BRK_SHORT_FII_V2,PE,1168.60,1184.44,1128.99,2.50,2.39,VERY_HIGH,STRONG_SELL
2026-08-12 09:25:29,BHARATFORG,FIIDII_BRK_SHORT_GENERAL,PE,2064.80,2261.66,1572.64,2.50,2.31,HIGH,NEUTRAL
2026-08-12 09:25:29,KAYNES,FIIDII_BRK_SHORT_GENERAL,PE,3748.00,3888.73,3396.17,2.50,4.82,HIGH,NEUTRAL
2026-08-12 09:25:29,CANBK,FIIDII_BRK_SHORT_GENERAL,PE,131.39,132.74,128.02,2.50,5.43,HIGH,NEUTRAL
2026-08-12 09:25:29,TATACONSUM,FIIDII_BRK_SHORT_GENERAL,PE,1067.50,1092.57,1004.83,2.50,2.94,HIGH,NEUTRAL
2026-08-12 09:25:29,SBIN,FIIDII_BRK_SHORT_GENERAL,PE,1076.80,1092.47,1037.63,2.50,3.87,HIGH,NEUTRAL
2026-08-12 09:25:29,GODREJPROP,FIIDII_BRK_SHORT_GENERAL,PE,2022.90,2108.21,1809.64,2.50,4.23,HIGH,BUY
2026-08-12 09:25:29,JSWSTEEL,FIIDII_BRK_SHORT_GENERAL,PE,1282.00,1305.10,1224.24,2.50,2.47,HIGH,NEUTRAL
2026-08-12 09:25:29,LICI,FIIDII_BRK_LONG_GENERAL,CE,410.40,391.32,458.09,2.50,4.31,VERY_HIGH,STRONG_BUY
2026-08-12 09:25:29,GVT&D,FIIDII_BRK_LONG_GENERAL,CE,4488.40,4297.07,4966.72,2.50,3.4,HIGH,NEUTRAL
2026-08-12 09:25:29,DRREDDY,FIIDII_BRK_LONG_GENERAL,CE,1192.00,1158.61,1275.47,2.50,2.96,HIGH,BUY
2026-08-12 09:25:29,HDFCLIFE,FIIDII_BRK_SHORT_GENERAL,PE,537.10,545.33,516.52,2.50,2.2,HIGH,NEUTRAL
2026-08-12 09:25:29,INDIANB,FIIDII_BRK_SHORT_GENERAL,PE,887.00,894.68,867.81,2.50,4.13,HIGH,NEUTRAL
2026-08-12 09:25:29,AXISBANK,FIIDII_BRK_SHORT_GENERAL,PE,1232.10,1250.24,1186.75,2.50,2.79,HIGH,BUY
2026-08-12 09:25:29,IOC,FIIDII_BRK_SHORT_GENERAL,PE,141.60,143.79,136.12,2.50,3.5,HIGH,BUY
2026-08-12 09:25:29,TORNTPHARM,FIIDII_BRK_SHORT_GENERAL,PE,4835.50,4969.36,4500.84,2.50,2.96,HIGH,NEUTRAL
2026-08-12 09:25:29,SBICARD,FIIDII_BRK_SHORT_GENERAL,PE,648.95,663.38,612.86,2.50,3.25,HIGH,NEUTRAL
2026-08-12 09:25:29,ASHOKLEY,FIIDII_BRK_SHORT_GENERAL,PE,176.40,178.09,172.17,2.50,2.24,HIGH,NEUTRAL
2026-08-12 09:25:29,ADANIENT,FIIDII_BRK_SHORT_GENERAL,PE,2978.30,3043.60,2815.04,2.50,4.54,HIGH,BUY
2026-08-12 09:25:29,LICI,FIIDII_BRK_LONG_FII,CE,410.40,391.32,458.09,2.50,4.31,VERY_HIGH,STRONG_BUY
2026-08-12 09:25:29,LICI,FIIDII_BRK_LONG_FII_V2,CE,410.40,403.88,426.69,2.50,4.31,VERY_HIGH,STRONG_BUY
2026-08-12 09:30:48,PNB,FIIDII_BRK_LONG_GENERAL,CE,116.59,113.36,124.67,2.50,6.37,HIGH,NEUTRAL
2026-08-12 09:30:48,CONCOR,FIIDII_BRK_LONG_GENERAL,CE,514.80,508.87,529.63,2.50,3.5,HIGH,NEUTRAL
2026-08-12 09:30:48,GRASIM,FIIDII_BRK_LONG_GENERAL,CE,3378.70,3202.36,3819.54,2.50,4.19,HIGH,NEUTRAL
2026-08-12 09:30:48,ADANIENSOL,FIIDII_BRK_SHORT_GENERAL,PE,1604.40,1651.94,1485.55,2.50,4.19,HIGH,BUY
2026-08-12 09:30:48,NESTLEIND,FIIDII_BRK_SHORT_GENERAL,PE,1503.90,1551.84,1384.05,2.50,4.47,HIGH,NEUTRAL
2026-08-12 09:30:48,PIDILITIND,FIIDII_BRK_LONG_GENERAL,CE,1689.50,1659.41,1764.73,2.50,4.02,HIGH,NEUTRAL
2026-08-12 09:30:48,ZYDUSLIFE,FIIDII_BRK_LONG_GENERAL,CE,1161.10,1097.80,1319.36,2.50,2.06,VERY_HIGH,STRONG_BUY
2026-08-12 09:30:48,OIL,FIIDII_BRK_LONG_GENERAL,CE,471.15,443.37,540.61,2.50,2.46,HIGH,NEUTRAL
2026-08-12 09:30:48,UNIONBANK,FIIDII_BRK_LONG_GENERAL,CE,185.76,180.96,197.77,2.50,4.75,HIGH,BUY
2026-08-12 09:30:48,HAVELLS,FIIDII_BRK_SHORT_GENERAL,PE,1275.00,1296.58,1221.05,2.50,3.78,HIGH,NEUTRAL
2026-08-12 09:30:48,BANDHANBNK,FIIDII_BRK_SHORT_GENERAL,PE,174.48,177.73,166.35,2.50,2.42,HIGH,NEUTRAL
2026-08-12 09:30:48,ZYDUSLIFE,FIIDII_BRK_LONG_FII,CE,1161.10,1097.80,1319.36,2.50,2.06,VERY_HIGH,STRONG_BUY
2026-08-12 09:35:03,MANAPPURAM,FIIDII_BRK_SHORT_GENERAL,PE,359.80,364.39,348.33,2.50,4.52,HIGH,BUY
2026-08-12 09:35:03,HEROMOTOCO,FIIDII_BRK_LONG_GENERAL,CE,5909.50,5691.87,6453.57,2.50,3.73,HIGH,NEUTRAL
2026-08-12 09:35:03,VEDL,FIIDII_BRK_LONG_GENERAL,CE,277.85,273.28,289.28,2.50,3.84,HIGH,NEUTRAL
2026-08-12 09:35:03,IEX,FIIDII_BRK_SHORT_GENERAL,PE,125.45,128.09,118.84,2.50,3.91,HIGH,NEUTRAL
2026-08-12 09:35:03,NBCC,FIIDII_BRK_SHORT_GENERAL,PE,92.84,96.18,84.50,2.50,4.7,HIGH,BUY
2026-08-12 09:35:03,PAYTM,FIIDII_BRK_LONG_GENERAL,CE,1604.00,1439.67,2014.83,2.50,3.55,HIGH,NEUTRAL
2026-08-12 09:35:03,ADANIGREEN,FIIDII_BRK_SHORT_GENERAL,PE,1345.30,1394.07,1223.38,2.50,3.77,HIGH,BUY
2026-08-12 09:40:21,PHOENIXLTD,FIIDII_BRK_SHORT_GENERAL,PE,1883.50,1910.61,1815.71,2.50,3.77,HIGH,NEUTRAL
2026-08-12 09:40:21,HDFCAMC,FIIDII_BRK_SHORT_GENERAL,PE,2505.00,2544.61,2405.97,2.50,2.56,HIGH,BUY
2026-08-12 09:40:21,NTPC,FIIDII_BRK_SHORT_GENERAL,PE,338.10,346.69,316.63,2.50,2.55,HIGH,NEUTRAL
2026-08-12 09:40:21,SRF,FIIDII_BRK_SHORT_GENERAL,PE,2574.90,2632.87,2429.96,2.50,3.88,HIGH,NEUTRAL
2026-08-12 09:45:37,DLF,FIIDII_BRK_LONG_GENERAL,CE,648.50,640.97,667.32,2.50,3.28,HIGH,NEUTRAL
2026-08-12 09:45:37,BANKINDIA,FIIDII_BRK_LONG_GENERAL,CE,145.30,141.81,154.02,2.50,4.59,HIGH,NEUTRAL
2026-08-12 09:50:54,MAXHEALTH,FIIDII_BRK_SHORT_GENERAL,PE,1020.20,1085.75,856.33,2.50,3.45,HIGH,NEUTRAL
2026-08-12 09:50:54,CROMPTON,FIIDII_BRK_SHORT_GENERAL,PE,243.00,254.91,213.22,2.50,3.52,HIGH,NEUTRAL
2026-08-12 09:50:54,NAUKRI,FIIDII_BRK_LONG_GENERAL,CE,1335.30,1226.81,1606.53,2.50,2.15,VERY_HIGH,STRONG_BUY
2026-08-12 09:50:54,MOTILALOFS,FIIDII_BRK_LONG_GENERAL,CE,877.90,859.26,924.49,2.50,3.41,HIGH,NEUTRAL
2026-08-12 09:50:54,RVNL,FIIDII_BRK_SHORT_GENERAL,PE,228.58,235.34,211.67,2.50,2.2,HIGH,BUY
2026-08-12 09:50:54,NAUKRI,FIIDII_BRK_LONG_FII,CE,1335.30,1226.81,1606.53,2.50,2.15,VERY_HIGH,STRONG_BUY
2026-08-12 09:55:07,UNOMINDA,FIIDII_BRK_SHORT_GENERAL,PE,1260.00,1283.24,1201.90,2.50,2.89,HIGH,NEUTRAL
2026-08-12 09:55:07,INDUSTOWER,FIIDII_BRK_SHORT_GENERAL,PE,374.20,387.66,340.55,2.50,3.1,HIGH,NEUTRAL
2026-08-12 10:00:24,HINDZINC,FIIDII_BRK_SHORT_GENERAL,PE,589.60,598.74,566.75,2.50,2.79,HIGH,NEUTRAL
2026-08-12 10:00:24,SWIGGY,FIIDII_BRK_SHORT_GENERAL,PE,276.55,286.86,250.78,2.50,2.72,HIGH,NEUTRAL
2026-08-12 10:00:24,BLUESTARCO,FIIDII_BRK_SHORT_GENERAL,PE,1479.00,1539.60,1327.49,2.50,2.23,HIGH,NEUTRAL
2026-08-12 10:00:24,GLENMARK,FIIDII_BRK_LONG_GENERAL,CE,2290.40,2264.69,2354.69,2.50,2.84,HIGH,NEUTRAL
2026-08-12 10:00:24,SAIL,FIIDII_BRK_SHORT_GENERAL,PE,172.24,176.82,160.79,2.50,2.36,HIGH,NEUTRAL
2026-08-12 10:05:42,BIOCON,FIIDII_BRK_SHORT_GENERAL,PE,424.60,432.64,404.49,2.50,2.53,HIGH,NEUTRAL
2026-08-12 10:05:42,PATANJALI,FIIDII_BRK_SHORT_GENERAL,PE,345.90,357.22,317.60,2.50,2.74,HIGH,NEUTRAL
2026-08-12 10:15:12,INOXWIND,FIIDII_BRK_SHORT_GENERAL,PE,74.33,78.18,64.70,2.50,2.46,HIGH,NEUTRAL
2026-08-12 10:15:12,APLAPOLLO,FIIDII_BRK_LONG_GENERAL,CE,2013.10,1946.94,2178.50,2.50,2.49,HIGH,NEUTRAL
2026-08-12 10:22:15,MPHASIS,FIIDII_BRK_LONG_GENERAL,CE,2511.00,2455.21,2650.47,2.50,2.19,HIGH,NEUTRAL
2026-08-12 10:35:57,DMART,FIIDII_BRK_LONG_GENERAL,CE,4054.00,3886.51,4472.74,2.50,2.14,HIGH,NEUTRAL
2026-08-12 10:40:09,PGEL,FIIDII_BRK_SHORT_GENERAL,PE,615.95,637.61,561.81,2.50,3.42,HIGH,NEUTRAL
2026-08-12 10:40:09,POLICYBZR,FIIDII_BRK_LONG_GENERAL,CE,1703.30,1599.59,1962.58,2.50,2.03,VERY_HIGH,STRONG_BUY
2026-08-12 10:40:09,POLICYBZR,FIIDII_BRK_LONG_FII,CE,1703.30,1599.59,1962.58,2.50,2.03,VERY_HIGH,STRONG_BUY
2026-08-24 09:26:03,JINDALSTEL,FIIDII_BRK_LONG_GENERAL,CE,1136.70,1110.86,1201.31,2.50,2.83,HIGH,NEUTRAL
2026-08-24 09:26:03,CDSL,FIIDII_BRK_LONG_GENERAL,CE,1410.70,1331.39,1608.97,2.50,5.54,VERY_HIGH,STRONG_BUY
2026-08-24 09:26:03,BIOCON,FIIDII_BRK_SHORT_GENERAL,PE,411.00,416.04,398.39,2.50,2.25,HIGH,NEUTRAL
2026-08-24 09:26:03,HINDPETRO,FIIDII_BRK_LONG_GENERAL,CE,371.30,363.51,390.78,2.50,5.46,HIGH,NEUTRAL
2026-08-24 09:26:03,NAM-INDIA,FIIDII_BRK_LONG_GENERAL,CE,1265.60,1183.74,1470.25,2.50,2.31,HIGH,NEUTRAL
2026-08-24 09:26:03,NBCC,FIIDII_BRK_LONG_GENERAL,CE,90.13,87.06,97.81,2.50,5.57,HIGH,NEUTRAL
2026-08-24 09:26:03,LICI,FIIDII_BRK_LONG_GENERAL,CE,423.70,411.11,455.17,2.50,3.2,HIGH,NEUTRAL
2026-08-24 09:26:03,HDFCLIFE,FIIDII_BRK_LONG_GENERAL,CE,556.15,531.70,617.27,2.50,3.11,HIGH,BUY
2026-08-24 09:26:03,MOTILALOFS,FIIDII_BRK_LONG_GENERAL,CE,1004.25,931.95,1185.01,2.50,4.5,HIGH,NEUTRAL
2026-08-24 09:26:03,SAIL,FIIDII_BRK_LONG_GENERAL,CE,178.26,170.30,198.17,2.50,6.7,HIGH,NEUTRAL
2026-08-24 09:26:03,CDSL,FIIDII_BRK_LONG_FII,CE,1410.70,1331.39,1608.97,2.50,5.54,VERY_HIGH,STRONG_BUY
2026-08-24 09:26:04,CDSL,FIIDII_BRK_LONG_FII_V2,CE,1410.70,1375.16,1499.54,2.50,5.54,VERY_HIGH,STRONG_BUY
2026-08-24 09:30:20,MCX,FIIDII_BRK_LONG_GENERAL,CE,3226.70,2982.53,3837.14,2.50,4.14,HIGH,NEUTRAL
2026-08-24 09:30:20,RVNL,FIIDII_BRK_LONG_GENERAL,CE,226.42,220.75,240.61,2.50,4.26,HIGH,NEUTRAL
2026-08-24 09:35:45,VMM,FIIDII_BRK_LONG_GENERAL,CE,111.17,103.38,130.65,2.50,4.79,HIGH,NEUTRAL
2026-08-24 09:35:45,MPHASIS,FIIDII_BRK_LONG_GENERAL,CE,2444.40,2398.98,2557.95,2.50,3.74,HIGH,NEUTRAL
2026-08-24 09:35:45,PETRONET,FIIDII_BRK_LONG_GENERAL,CE,295.15,288.78,311.07,2.50,4.49,HIGH,NEUTRAL
2026-08-24 09:40:03,MUTHOOTFIN,FIIDII_BRK_LONG_GENERAL,CE,3123.40,2845.14,3819.05,2.50,4.38,HIGH,NEUTRAL
2026-08-24 09:40:03,JSWENERGY,FIIDII_BRK_LONG_GENERAL,CE,552.90,539.28,586.96,2.50,3.72,HIGH,NEUTRAL
2026-08-24 09:40:03,DELHIVERY,FIIDII_BRK_LONG_GENERAL,CE,452.25,446.66,466.24,2.50,3.59,HIGH,NEUTRAL
2026-08-24 09:45:33,MANAPPURAM,FIIDII_BRK_LONG_GENERAL,CE,361.60,338.18,420.14,2.50,3.62,HIGH,NEUTRAL
2026-08-24 09:50:54,LTF,FIIDII_BRK_LONG_GENERAL,CE,322.65,312.16,348.87,2.50,3.15,HIGH,NEUTRAL
2026-08-24 09:50:54,WIPRO,FIIDII_BRK_LONG_GENERAL,CE,182.01,178.12,191.72,2.50,3.5,HIGH,NEUTRAL
2026-08-24 09:50:54,TCS,FIIDII_BRK_LONG_GENERAL,CE,2304.90,2254.52,2430.86,2.50,2.87,HIGH,NEUTRAL
2026-08-24 09:50:54,VEDL,FIIDII_BRK_LONG_FII_V2,CE,279.65,276.52,287.48,2.50,2.86,VERY_HIGH,STRONG_BUY
2026-08-24 09:55:41,PHOENIXLTD,FIIDII_BRK_LONG_GENERAL,CE,1924.10,1900.18,1983.89,2.50,2.16,HIGH,NEUTRAL
2026-08-25 09:25:33,HEROMOTOCO,FIIDII_BRK_SHORT_GENERAL,PE,5648.00,5714.09,5482.77,2.50,2.78,HIGH,NEUTRAL
2026-08-25 09:25:33,SBILIFE,FIIDII_BRK_SHORT_GENERAL,PE,1771.90,1794.67,1714.98,2.50,3.22,HIGH,NEUTRAL
2026-08-25 09:25:33,TIINDIA,FIIDII_BRK_SHORT_GENERAL,PE,2857.00,2959.55,2600.62,2.50,3.13,HIGH,NEUTRAL
2026-08-25 09:25:33,DLF,FIIDII_BRK_LONG_GENERAL,CE,682.25,672.53,706.56,2.50,2.25,HIGH,BUY
2026-08-25 09:25:33,AUBANK,FIIDII_BRK_LONG_GENERAL,CE,1119.00,1083.24,1208.40,2.50,4.13,HIGH,NEUTRAL
2026-08-25 09:25:33,MOTILALOFS,FIIDII_BRK_LONG_GENERAL,CE,1008.90,973.92,1096.35,2.50,5.11,HIGH,NEUTRAL
2026-08-25 09:25:33,POLICYBZR,FIIDII_BRK_LONG_GENERAL,CE,1806.90,1780.04,1874.04,2.50,4.81,HIGH,NEUTRAL
2026-08-25 09:25:33,VBL,FIIDII_BRK_SHORT_GENERAL,PE,426.90,440.32,393.36,2.50,4.06,VERY_HIGH,STRONG_SELL
2026-08-25 09:25:33,VBL,FIIDII_BRK_SHORT_FII,PE,426.90,440.32,393.36,2.50,4.06,VERY_HIGH,STRONG_SELL
2026-08-25 09:30:55,MANAPPURAM,FIIDII_BRK_LONG_GENERAL,CE,366.10,343.96,421.44,2.50,3.84,HIGH,NEUTRAL
2026-08-25 09:30:55,KAYNES,FIIDII_BRK_SHORT_GENERAL,PE,3831.90,3896.96,3669.26,2.50,3.92,HIGH,NEUTRAL
2026-08-25 09:30:55,VMM,FIIDII_BRK_LONG_GENERAL,CE,113.20,102.29,140.47,2.50,3.12,VERY_HIGH,STRONG_BUY
2026-08-25 09:30:55,YESBANK,FIIDII_BRK_SHORT_GENERAL,PE,22.63,22.99,21.73,2.50,4.86,HIGH,NEUTRAL
2026-08-25 09:30:55,VMM,FIIDII_BRK_LONG_FII,CE,113.20,102.29,140.47,2.50,3.12,VERY_HIGH,STRONG_BUY
2026-08-25 09:35:12,CANBK,FIIDII_BRK_SHORT_GENERAL,PE,128.07,130.88,121.04,2.50,4.31,VERY_HIGH,STRONG_SELL
2026-08-25 09:35:12,WAAREEENER,FIIDII_BRK_SHORT_GENERAL,PE,2667.30,2702.68,2578.84,2.50,4.07,HIGH,NEUTRAL
2026-08-25 09:35:12,IDEA,FIIDII_BRK_LONG_GENERAL,CE,14.29,13.97,15.10,2.50,5.21,HIGH,NEUTRAL
2026-08-25 09:35:12,INDUSTOWER,FIIDII_BRK_LONG_GENERAL,CE,380.75,368.54,411.27,2.50,5.19,HIGH,NEUTRAL
2026-08-25 09:35:12,SWIGGY,FIIDII_BRK_LONG_GENERAL,CE,286.90,279.21,306.13,2.50,4.95,HIGH,NEUTRAL
2026-08-25 09:35:12,CANBK,FIIDII_BRK_SHORT_FII,PE,128.07,130.88,121.04,2.50,4.31,VERY_HIGH,STRONG_SELL
2026-08-25 09:40:33,JINDALSTEL,FIIDII_BRK_LONG_GENERAL,CE,1146.60,1128.90,1190.84,2.50,3.04,HIGH,NEUTRAL
2026-08-25 09:40:33,BDL,FIIDII_BRK_LONG_GENERAL,CE,1391.10,1315.74,1579.50,2.50,4.52,HIGH,NEUTRAL
2026-08-25 09:40:33,GODFRYPHLP,FIIDII_BRK_SHORT_GENERAL,PE,2085.00,2141.81,1942.98,2.50,3.92,HIGH,NEUTRAL
2026-08-25 09:40:33,MFSL,FIIDII_BRK_LONG_GENERAL,CE,1597.00,1560.60,1687.99,2.50,4.41,HIGH,NEUTRAL
2026-08-25 09:40:33,SAIL,FIIDII_BRK_LONG_GENERAL,CE,183.32,174.18,206.18,2.50,4.16,HIGH,BUY
2026-08-25 09:46:03,MCX,FIIDII_BRK_LONG_GENERAL,CE,3297.00,3027.89,3969.78,2.50,3.46,HIGH,NEUTRAL
2026-08-25 09:46:03,LICHSGFIN,FIIDII_BRK_SHORT_GENERAL,PE,497.15,502.45,483.89,2.50,4.08,HIGH,NEUTRAL
2026-08-25 09:46:03,JUBLFOOD,FIIDII_BRK_LONG_GENERAL,CE,509.85,497.70,540.22,2.50,3.49,HIGH,NEUTRAL
2026-08-25 09:46:03,KPITTECH,FIIDII_BRK_SHORT_GENERAL,PE,581.40,601.70,530.65,2.50,2.76,HIGH,NEUTRAL
2026-08-25 09:46:03,GLENMARK,FIIDII_BRK_LONG_GENERAL,CE,2407.90,2284.53,2716.34,2.50,3.09,VERY_HIGH,STRONG_BUY
2026-08-25 09:46:03,GLENMARK,FIIDII_BRK_LONG_FII,CE,2407.90,2284.53,2716.34,2.50,3.09,VERY_HIGH,STRONG_BUY
2026-08-25 09:46:03,GLENMARK,FIIDII_BRK_LONG_FII_V2,CE,2407.90,2360.30,2526.91,2.50,3.09,VERY_HIGH,STRONG_BUY
2026-08-25 09:50:20,KALYANKJIL,FIIDII_BRK_LONG_GENERAL,CE,616.45,591.97,677.65,2.50,3.33,HIGH,NEUTRAL
2026-08-26 09:20:42,ADANIPOWER,FIIDII_BRK_LONG_GENERAL,CE,207.58,202.99,219.06,2.50,4.3,HIGH,BUY
2026-08-26 09:20:42,VMM,FIIDII_BRK_LONG_GENERAL,CE,111.91,104.74,129.82,2.50,2.12,HIGH,NEUTRAL
2026-08-26 09:20:42,LODHA,FIIDII_BRK_LONG_GENERAL,CE,1290.00,1236.28,1424.30,2.50,4.78,HIGH,BUY
2026-08-26 09:20:42,HINDPETRO,FIIDII_BRK_LONG_GENERAL,CE,379.25,363.81,417.86,2.50,3.8,HIGH,NEUTRAL
2026-08-26 09:20:42,ADANIENSOL,FIIDII_BRK_LONG_GENERAL,CE,1590.10,1534.28,1729.64,2.50,4.38,HIGH,NEUTRAL
2026-08-26 09:20:42,COCHINSHIP,FIIDII_BRK_LONG_GENERAL,CE,1527.30,1478.95,1648.18,2.50,4.08,HIGH,NEUTRAL
2026-08-26 09:20:42,HAL,FIIDII_BRK_SHORT_GENERAL,PE,4882.90,5075.18,4402.20,2.50,3.92,HIGH,NEUTRAL
2026-08-26 09:20:42,DRREDDY,FIIDII_BRK_LONG_GENERAL,CE,1188.90,1172.97,1228.72,2.50,2.9,HIGH,NEUTRAL
2026-08-26 09:20:42,ANGELONE,FIIDII_BRK_LONG_GENERAL,CE,304.70,288.73,344.62,2.50,2.31,HIGH,BUY
2026-08-26 09:20:42,KFINTECH,FIIDII_BRK_SHORT_GENERAL,PE,976.45,990.56,941.17,2.50,2.44,HIGH,NEUTRAL
2026-08-26 09:20:42,OIL,FIIDII_BRK_SHORT_GENERAL,PE,464.75,480.94,424.28,2.50,4.61,HIGH,NEUTRAL
2026-08-26 09:20:42,BSE,FIIDII_BRK_LONG_GENERAL,CE,3383.10,3234.27,3755.18,2.50,5.67,HIGH,NEUTRAL
2026-08-26 09:20:42,MOTILALOFS,FIIDII_BRK_LONG_GENERAL,CE,1023.90,993.51,1099.87,2.50,2.78,HIGH,BUY
2026-08-26 09:20:42,IOC,FIIDII_BRK_LONG_GENERAL,CE,140.18,135.74,151.28,2.50,4.74,HIGH,NEUTRAL
2026-08-26 09:20:42,MAHABANK,FIIDII_BRK_LONG_GENERAL,CE,82.65,80.56,87.88,2.50,5.13,HIGH,NEUTRAL
2026-08-26 09:20:42,BPCL,FIIDII_BRK_LONG_GENERAL,CE,323.45,309.82,357.53,2.50,4.55,HIGH,BUY
2026-08-26 09:26:06,COFORGE,FIIDII_BRK_LONG_GENERAL,CE,1928.90,1851.13,2123.33,2.50,4.5,HIGH,NEUTRAL
2026-08-26 09:26:06,MCX,FIIDII_BRK_LONG_GENERAL,CE,3269.00,3181.33,3488.18,2.50,4.3,HIGH,NEUTRAL
2026-08-26 09:26:06,SAGILITY,FIIDII_BRK_LONG_GENERAL,CE,45.90,43.19,52.67,2.50,7.69,HIGH,NEUTRAL
2026-08-26 09:26:06,MAXHEALTH,FIIDII_BRK_LONG_GENERAL,CE,1009.50,983.54,1074.40,2.50,3.36,HIGH,NEUTRAL
2026-08-26 09:26:06,CHOLAFIN,FIIDII_BRK_LONG_GENERAL,CE,1910.30,1856.51,2044.77,2.50,5.24,HIGH,NEUTRAL
2026-08-26 09:26:06,MUTHOOTFIN,FIIDII_BRK_LONG_GENERAL,CE,3212.00,3034.17,3656.57,2.50,4.55,HIGH,NEUTRAL
2026-08-26 09:26:06,ONGC,FIIDII_BRK_SHORT_GENERAL,PE,232.75,239.94,214.78,2.50,3.7,VERY_HIGH,STRONG_SELL
2026-08-26 09:26:06,LICHSGFIN,FIIDII_BRK_LONG_GENERAL,CE,517.45,491.67,581.90,2.50,3.28,HIGH,NEUTRAL
2026-08-26 09:26:06,INDUSTOWER,FIIDII_BRK_LONG_GENERAL,CE,386.45,373.88,417.89,2.50,2.73,HIGH,BUY
2026-08-26 09:26:06,PGEL,FIIDII_BRK_SHORT_GENERAL,PE,594.00,611.23,550.93,2.50,4.97,HIGH,NEUTRAL
2026-08-26 09:26:06,GVT&D,FIIDII_BRK_LONG_GENERAL,CE,4239.30,4096.97,4595.12,2.50,3.74,HIGH,NEUTRAL
2026-08-26 09:26:06,INDIGO,FIIDII_BRK_LONG_GENERAL,CE,5269.00,5093.17,5708.56,2.50,4.29,HIGH,NEUTRAL
2026-08-26 09:26:06,CIPLA,FIIDII_BRK_SHORT_GENERAL,PE,1418.50,1432.99,1382.28,2.50,4.36,HIGH,NEUTRAL
2026-08-26 09:26:06,JUBLFOOD,FIIDII_BRK_LONG_GENERAL,CE,516.60,499.00,560.60,2.50,5.39,HIGH,BUY
2026-08-26 09:26:06,MFSL,FIIDII_BRK_LONG_GENERAL,CE,1596.20,1566.29,1670.98,2.50,2.22,HIGH,BUY
2026-08-26 09:26:06,PNBHOUSING,FIIDII_BRK_LONG_GENERAL,CE,1199.20,1174.67,1260.54,2.50,3.04,HIGH,NEUTRAL
2026-08-26 09:26:06,KPITTECH,FIIDII_BRK_LONG_GENERAL,CE,595.00,584.39,621.52,2.50,2.99,HIGH,NEUTRAL
2026-08-26 09:26:06,FORTIS,FIIDII_BRK_LONG_GENERAL,CE,933.80,903.28,1010.09,2.50,2.19,HIGH,BUY
2026-08-26 09:26:06,FEDERALBNK,FIIDII_BRK_SHORT_GENERAL,PE,346.75,360.23,313.06,2.50,2.51,VERY_HIGH,STRONG_SELL
2026-08-26 09:26:06,POLICYBZR,FIIDII_BRK_LONG_GENERAL,CE,1823.50,1777.55,1938.37,2.50,3.08,HIGH,BUY
2026-08-26 09:26:06,RVNL,FIIDII_BRK_SHORT_GENERAL,PE,221.03,229.23,200.54,2.50,3.63,HIGH,NEUTRAL
2026-08-26 09:26:06,ITC,FIIDII_BRK_LONG_GENERAL,CE,272.15,269.24,279.43,2.50,4.77,HIGH,NEUTRAL
2026-08-26 09:26:06,AUROPHARMA,FIIDII_BRK_LONG_GENERAL,CE,1632.40,1602.18,1707.95,2.50,2.33,HIGH,NEUTRAL
2026-08-26 09:26:06,DELHIVERY,FIIDII_BRK_SHORT_GENERAL,PE,448.00,454.36,432.10,2.50,2.27,HIGH,NEUTRAL
2026-08-26 09:26:06,ADANIENT,FIIDII_BRK_LONG_GENERAL,CE,3106.00,2973.95,3436.12,2.50,2.51,HIGH,BUY
2026-08-26 09:26:06,SAIL,FIIDII_BRK_LONG_GENERAL,CE,183.63,174.52,206.39,2.50,2.34,HIGH,NEUTRAL
2026-08-26 09:26:06,DABUR,FIIDII_BRK_SHORT_GENERAL,PE,395.55,400.65,382.80,2.50,3.63,VERY_HIGH,STRONG_SELL
2026-08-26 09:26:06,ONGC,FIIDII_BRK_SHORT_FII,PE,232.75,239.94,214.78,2.50,3.7,VERY_HIGH,STRONG_SELL
2026-08-26 09:26:06,FEDERALBNK,FIIDII_BRK_SHORT_FII,PE,346.75,360.23,313.06,2.50,2.51,VERY_HIGH,STRONG_SELL
2026-08-26 09:26:06,DABUR,FIIDII_BRK_SHORT_FII,PE,395.55,400.65,382.80,2.50,3.63,VERY_HIGH,STRONG_SELL
2026-08-26 09:26:06,BDL,FIIDII_BRK_SHORT_FII_V2,PE,1347.60,1377.02,1274.05,2.50,2.36,VERY_HIGH,STRONG_SELL
2026-08-26 09:30:20,HINDZINC,FIIDII_BRK_LONG_GENERAL,CE,615.45,584.74,692.22,2.50,5.73,HIGH,NEUTRAL
2026-08-26 09:30:20,PREMIERENE,FIIDII_BRK_SHORT_GENERAL,PE,1030.30,1066.89,938.82,2.50,4.07,HIGH,NEUTRAL
2026-08-26 09:30:20,PERSISTENT,FIIDII_BRK_LONG_GENERAL,CE,5676.00,5613.11,5833.23,2.50,1.96,HIGH,NEUTRAL
2026-08-26 09:30:20,GAIL,FIIDII_BRK_LONG_GENERAL,CE,175.39,172.12,183.56,2.50,3.5,HIGH,BUY
2026-08-26 09:35:44,JINDALSTEL,FIIDII_BRK_LONG_GENERAL,CE,1153.50,1119.93,1237.42,2.50,3.31,HIGH,NEUTRAL
2026-08-26 09:35:44,PRESTIGE,FIIDII_BRK_LONG_GENERAL,CE,1629.10,1594.30,1716.09,2.50,3.23,HIGH,NEUTRAL
2026-08-26 09:35:44,TATASTEEL,FIIDII_BRK_LONG_GENERAL,CE,186.58,183.26,194.88,2.50,3.59,HIGH,NEUTRAL
2026-08-26 09:35:44,GODREJPROP,FIIDII_BRK_LONG_GENERAL,CE,2069.40,2014.44,2206.80,2.50,4.22,HIGH,NEUTRAL
2026-08-26 09:35:44,LAURUSLABS,FIIDII_BRK_LONG_GENERAL,CE,1869.80,1799.59,2045.34,2.50,3.63,HIGH,NEUTRAL
2026-08-26 09:35:44,PAYTM,FIIDII_BRK_LONG_GENERAL,CE,1723.70,1609.76,2008.56,2.50,2.21,HIGH,BUY
2026-08-26 09:35:44,BANKINDIA,FIIDII_BRK_LONG_GENERAL,CE,146.68,142.46,157.23,2.50,4.48,HIGH,NEUTRAL
2026-08-26 09:35:44,SBICARD,FIIDII_BRK_LONG_GENERAL,CE,658.25,635.59,714.91,2.50,4.94,HIGH,NEUTRAL
2026-08-26 09:35:44,VBL,FIIDII_BRK_SHORT_GENERAL,PE,428.80,435.30,412.55,2.50,5.07,HIGH,BUY
2026-08-26 09:41:18,NATIONALUM,FIIDII_BRK_LONG_GENERAL,CE,398.30,391.22,415.99,2.50,4.1,HIGH,NEUTRAL
2026-08-26 09:41:18,CDSL,FIIDII_BRK_LONG_GENERAL,CE,1411.00,1364.00,1528.51,2.50,4.43,HIGH,NEUTRAL
2026-08-26 09:41:18,HDFCAMC,FIIDII_BRK_LONG_GENERAL,CE,2687.10,2598.68,2908.15,2.50,1.97,HIGH,BUY
2026-08-26 09:41:18,IREDA,FIIDII_BRK_LONG_GENERAL,CE,118.80,114.85,128.66,2.50,3.04,HIGH,BUY
2026-08-26 09:41:18,ADANIGREEN,FIIDII_BRK_LONG_GENERAL,CE,1339.00,1311.65,1407.37,2.50,4.26,HIGH,BUY
2026-08-26 09:45:33,ABCAPITAL,FIIDII_BRK_LONG_GENERAL,CE,416.20,409.32,433.40,2.50,3.53,HIGH,STRONG_SELL
2026-08-26 09:45:33,CONCOR,FIIDII_BRK_LONG_GENERAL,CE,521.80,513.55,542.41,2.50,5.02,HIGH,NEUTRAL
2026-08-26 09:45:33,SUZLON,FIIDII_BRK_LONG_GENERAL,CE,47.32,46.82,48.57,2.50,3.03,HIGH,STRONG_SELL
2026-08-26 09:50:55,HINDUNILVR,FIIDII_BRK_LONG_GENERAL,CE,2049.50,2007.46,2154.60,2.50,3.16,HIGH,NEUTRAL
2026-08-26 09:50:55,LTF,FIIDII_BRK_LONG_GENERAL,CE,322.15,316.05,337.40,2.50,3.37,HIGH,NEUTRAL
2026-08-26 09:50:55,VEDL,FIIDII_BRK_LONG_GENERAL,CE,279.45,272.58,296.63,2.50,3.86,HIGH,NEUTRAL
2026-08-26 09:50:55,ATHERENERG,FIIDII_BRK_LONG_GENERAL,CE,1483.10,1429.00,1618.35,2.50,4.46,HIGH,NEUTRAL
2026-08-26 09:50:55,UNIONBANK,FIIDII_BRK_LONG_GENERAL,CE,189.85,183.29,206.25,2.50,3.25,HIGH,BUY
2026-08-26 09:50:55,SWIGGY,FIIDII_BRK_LONG_GENERAL,CE,292.40,275.77,333.97,2.50,3.18,HIGH,BUY
2026-08-26 09:50:55,ASHOKLEY,FIIDII_BRK_LONG_GENERAL,CE,175.93,172.49,184.53,2.50,2.94,HIGH,NEUTRAL
2026-08-26 09:55:11,AMBUJACEM,FIIDII_BRK_LONG_GENERAL,CE,417.25,406.68,443.68,2.50,3.11,HIGH,NEUTRAL
2026-08-26 10:00:40,BDL,FIIDII_BRK_SHORT_GENERAL,PE,1340.60,1359.97,1292.18,2.50,2.69,VERY_HIGH,STRONG_SELL
2026-08-26 10:00:40,KAYNES,FIIDII_BRK_LONG_GENERAL,CE,3968.00,3789.70,4413.76,2.50,2.39,HIGH,NEUTRAL
2026-08-26 10:00:40,UNOMINDA,FIIDII_BRK_LONG_GENERAL,CE,1267.10,1249.24,1311.75,2.50,3.61,HIGH,NEUTRAL
2026-08-26 10:00:40,IDEA,FIIDII_BRK_LONG_GENERAL,CE,15.10,13.93,18.03,2.50,2.14,VERY_HIGH,STRONG_BUY
2026-08-26 10:00:40,CROMPTON,FIIDII_BRK_SHORT_GENERAL,PE,241.20,259.13,196.39,2.50,3.0,HIGH,NEUTRAL
2026-08-26 10:00:40,GLENMARK,FIIDII_BRK_LONG_GENERAL,CE,2433.00,2306.86,2748.35,2.50,2.54,HIGH,NEUTRAL
2026-08-26 10:05:57,MANAPPURAM,FIIDII_BRK_LONG_GENERAL,CE,371.95,356.08,411.63,2.50,2.53,HIGH,NEUTRAL
2026-08-26 10:05:57,NMDC,FIIDII_BRK_LONG_GENERAL,CE,86.75,84.41,92.61,2.50,2.95,HIGH,NEUTRAL
2026-08-26 10:05:57,PETRONET,FIIDII_BRK_LONG_GENERAL,CE,295.40,291.07,306.21,2.50,2.35,HIGH,NEUTRAL
2026-08-26 10:10:11,ZYDUSLIFE,FIIDII_BRK_LONG_GENERAL,CE,1132.80,1101.19,1211.83,2.50,2.46,HIGH,NEUTRAL
2026-08-26 10:21:37,TATACONSUM,FIIDII_BRK_LONG_GENERAL,CE,1050.70,1042.16,1072.04,2.50,2.32,HIGH,NEUTRAL
2026-08-26 10:21:37,ICICIPRULI,FIIDII_BRK_LONG_GENERAL,CE,517.70,510.07,536.79,2.50,2.56,HIGH,NEUTRAL
2026-08-26 10:21:37,NAM-INDIA,FIIDII_BRK_SHORT_GENERAL,PE,1230.30,1262.07,1150.86,2.50,2.33,HIGH,NEUTRAL
2026-08-26 10:21:37,TMPV,FIIDII_BRK_SHORT_GENERAL,PE,314.45,320.81,298.55,2.50,1.81,HIGH,NEUTRAL
2026-08-26 10:21:37,BDL,FIIDII_BRK_SHORT_FII,PE,1346.80,1365.89,1299.09,2.50,2.47,VERY_HIGH,STRONG_SELL
2026-08-26 10:26:01,IDEA,FIIDII_BRK_LONG_FII,CE,15.11,13.94,18.04,2.50,2.11,VERY_HIGH,STRONG_BUY
2026-08-26 10:30:15,AUBANK,FIIDII_BRK_LONG_GENERAL,CE,1127.50,1098.59,1199.76,2.50,1.94,HIGH,BUY
2026-08-26 10:35:34,POWERGRID,FIIDII_BRK_SHORT_GENERAL,PE,270.25,274.87,258.69,2.50,2.32,HIGH,NEUTRAL
2026-08-26 10:45:14,HYUNDAI,FIIDII_BRK_LONG_GENERAL,CE,2278.60,2219.82,2425.55,2.50,2.04,HIGH,NEUTRAL
2026-08-26 10:55:58,INDUSINDBK,FIIDII_BRK_SHORT_FII_V2,PE,996.20,1025.07,924.04,2.50,2.22,VERY_HIGH,STRONG_SELL
2026-08-26 11:10:55,INDUSINDBK,FIIDII_BRK_SHORT_GENERAL,PE,1000.40,1007.21,983.37,2.50,2.12,VERY_HIGH,STRONG_SELL
2026-08-26 11:10:55,INDUSINDBK,FIIDII_BRK_SHORT_FII,PE,1000.40,1007.21,983.37,2.50,2.12,VERY_HIGH,STRONG_SELL
2026-08-26 11:15:08,NAUKRI,FIIDII_BRK_SHORT_GENERAL,PE,1337.90,1362.27,1276.96,2.50,2.0,HIGH,NEUTRAL
2026-08-26 11:22:09,CGPOWER,FIIDII_BRK_LONG_GENERAL,CE,877.25,865.05,907.76,2.50,2.44,HIGH,NEUTRAL
2026-08-26 11:25:19,HDFCLIFE,FIIDII_BRK_LONG_GENERAL,CE,561.75,547.00,598.61,2.50,3.07,HIGH,NEUTRAL
2026-08-26 11:25:19,MAZDOCK,FIIDII_BRK_LONG_GENERAL,CE,2631.00,2549.33,2835.18,2.50,2.79,HIGH,BUY
2026-08-26 11:45:22,NYKAA,FIIDII_BRK_LONG_GENERAL,CE,336.85,331.80,349.47,2.50,1.86,HIGH,BUY
2026-08-26 12:35:13,VOLTAS,FIIDII_BRK_SHORT_GENERAL,PE,1209.70,1233.39,1150.48,2.50,2.25,HIGH,NEUTRAL
2026-08-26 13:22:42,LUPIN,FIIDII_BRK_LONG_GENERAL,CE,2232.20,2188.41,2341.66,2.50,2.27,HIGH,NEUTRAL
2026-08-31 09:22:27,SAGILITY,FIIDII_BRK_LONG_FII_V2,CE,46.46,45.48,48.90,2.50,4.01,VERY_HIGH,STRONG_BUY
2026-08-31 09:22:27,ATHERENERG,FIIDII_BRK_LONG_FII_V2,CE,1670.40,1601.18,1843.45,2.50,4.95,VERY_HIGH,STRONG_BUY
2026-08-31 09:25:39,KAYNES,FIIDII_BRK_SHORT_GENERAL,PE,3828.20,4026.04,3333.60,2.50,5.65,HIGH,NEUTRAL
2026-08-31 09:25:39,MCX,FIIDII_BRK_LONG_GENERAL,CE,3354.00,3268.17,3568.58,2.50,5.46,HIGH,NEUTRAL
2026-08-31 09:25:39,SAGILITY,FIIDII_BRK_LONG_GENERAL,CE,46.17,44.55,50.23,2.50,5.38,VERY_HIGH,STRONG_BUY
2026-08-31 09:25:39,CONCOR,FIIDII_BRK_SHORT_GENERAL,PE,512.95,519.30,497.07,2.50,2.92,HIGH,STRONG_BUY
2026-08-31 09:25:39,VEDL,FIIDII_BRK_SHORT_GENERAL,PE,276.90,282.55,262.79,2.50,5.32,HIGH,NEUTRAL
2026-08-31 09:25:39,ATHERENERG,FIIDII_BRK_LONG_GENERAL,CE,1667.00,1479.35,2136.13,2.50,4.98,VERY_HIGH,STRONG_BUY
2026-08-31 09:25:39,BAJFINANCE,FIIDII_BRK_SHORT_GENERAL,PE,1063.20,1092.97,988.78,2.50,4.29,HIGH,NEUTRAL
2026-08-31 09:25:39,JIOFIN,FIIDII_BRK_SHORT_GENERAL,PE,236.60,244.88,215.89,2.50,5.21,HIGH,NEUTRAL
2026-08-31 09:25:39,AUBANK,FIIDII_BRK_SHORT_GENERAL,PE,1070.80,1129.58,923.85,2.50,3.67,HIGH,NEUTRAL
2026-08-31 09:25:39,FORTIS,FIIDII_BRK_SHORT_GENERAL,PE,911.70,931.69,861.73,2.50,4.07,HIGH,STRONG_BUY
2026-08-31 09:25:39,MAZDOCK,FIIDII_BRK_SHORT_GENERAL,PE,2514.30,2595.56,2311.14,2.50,4.57,HIGH,NEUTRAL
2026-08-31 09:25:39,SAGILITY,FIIDII_BRK_LONG_FII,CE,46.17,44.55,50.23,2.50,5.38,VERY_HIGH,STRONG_BUY
2026-08-31 09:25:39,ATHERENERG,FIIDII_BRK_LONG_FII,CE,1667.00,1479.35,2136.13,2.50,4.98,VERY_HIGH,STRONG_BUY
2026-08-31 09:25:39,CAMS,FIIDII_BRK_LONG_FII_V2,CE,763.45,749.44,798.46,2.50,3.34,VERY_HIGH,STRONG_BUY
2026-08-31 09:31:01,NATIONALUM,FIIDII_BRK_SHORT_GENERAL,PE,379.80,398.44,333.20,2.50,5.55,HIGH,NEUTRAL
2026-08-31 09:31:01,PNB,FIIDII_BRK_SHORT_GENERAL,PE,114.26,117.45,106.28,2.50,3.27,HIGH,NEUTRAL
2026-08-31 09:31:01,HINDPETRO,FIIDII_BRK_SHORT_GENERAL,PE,359.05,377.53,312.85,2.50,4.14,HIGH,NEUTRAL
2026-08-31 09:31:01,GODREJPROP,FIIDII_BRK_SHORT_GENERAL,PE,2002.90,2071.80,1830.66,2.50,3.36,HIGH,NEUTRAL
2026-08-31 09:31:01,VOLTAS,FIIDII_BRK_SHORT_GENERAL,PE,1187.10,1238.70,1058.09,2.50,3.22,HIGH,NEUTRAL
2026-08-31 09:31:01,CAMS,FIIDII_BRK_LONG_GENERAL,CE,767.90,749.89,812.92,2.50,4.07,VERY_HIGH,STRONG_BUY
2026-08-31 09:31:01,PGEL,FIIDII_BRK_SHORT_GENERAL,PE,574.00,597.59,515.03,2.50,4.44,HIGH,NEUTRAL
2026-08-31 09:31:01,HDFCBANK,FIIDII_BRK_LONG_GENERAL,CE,734.10,722.83,762.29,2.50,5.73,HIGH,NEUTRAL
2026-08-31 09:31:01,IREDA,FIIDII_BRK_SHORT_GENERAL,PE,115.45,119.36,105.68,2.50,3.94,HIGH,NEUTRAL
2026-08-31 09:31:01,RVNL,FIIDII_BRK_SHORT_GENERAL,PE,212.96,222.67,188.70,2.50,4.66,HIGH,NEUTRAL
2026-08-31 09:31:01,BANDHANBNK,FIIDII_BRK_SHORT_GENERAL,PE,166.68,176.39,142.41,2.50,3.58,HIGH,NEUTRAL
2026-08-31 09:31:01,CAMS,FIIDII_BRK_LONG_FII,CE,767.90,749.89,812.92,2.50,4.07,VERY_HIGH,STRONG_BUY
2026-08-31 09:35:17,LODHA,FIIDII_BRK_SHORT_GENERAL,PE,1230.80,1291.86,1078.14,2.50,4.08,HIGH,NEUTRAL
2026-08-31 09:35:17,ICICIPRULI,FIIDII_BRK_SHORT_GENERAL,PE,505.75,522.71,463.34,2.50,2.53,VERY_HIGH,STRONG_SELL
2026-08-31 09:35:17,NTPC,FIIDII_BRK_SHORT_GENERAL,PE,328.10,341.12,295.55,2.50,4.39,HIGH,NEUTRAL
2026-08-31 09:35:17,JSWENERGY,FIIDII_BRK_SHORT_GENERAL,PE,532.05,555.36,473.77,2.50,3.13,HIGH,NEUTRAL
2026-08-31 09:35:17,SUZLON,FIIDII_BRK_SHORT_GENERAL,PE,46.34,47.33,43.86,2.50,4.27,HIGH,NEUTRAL
2026-08-31 09:35:17,ICICIPRULI,FIIDII_BRK_SHORT_FII,PE,505.75,522.71,463.34,2.50,2.53,VERY_HIGH,STRONG_SELL
2026-08-31 09:40:37,ABCAPITAL,FIIDII_BRK_SHORT_GENERAL,PE,398.55,416.40,353.94,2.50,3.27,HIGH,NEUTRAL
2026-08-31 09:40:37,TRENT,FIIDII_BRK_SHORT_GENERAL,PE,2882.00,2952.63,2705.42,2.50,2.34,HIGH,NEUTRAL
2026-08-31 09:40:37,JUBLFOOD,FIIDII_BRK_SHORT_GENERAL,PE,481.95,515.34,398.47,2.50,2.71,HIGH,NEUTRAL
2026-08-31 09:40:37,OIL,FIIDII_BRK_LONG_GENERAL,CE,490.50,464.60,555.25,2.50,4.11,HIGH,NEUTRAL
2026-08-31 09:40:37,VBL,FIIDII_BRK_SHORT_GENERAL,PE,410.00,431.59,356.02,2.50,3.18,HIGH,NEUTRAL
2026-08-31 09:45:55,CDSL,FIIDII_BRK_SHORT_GENERAL,PE,1391.60,1431.08,1292.90,2.50,3.37,HIGH,NEUTRAL
2026-08-31 09:45:55,MAXHEALTH,FIIDII_BRK_SHORT_GENERAL,PE,1004.00,1026.87,946.82,2.50,3.0,HIGH,NEUTRAL
2026-08-31 09:45:55,INOXWIND,FIIDII_BRK_SHORT_GENERAL,PE,70.04,73.95,60.26,2.50,4.04,HIGH,NEUTRAL
2026-08-31 09:45:55,DLF,FIIDII_BRK_SHORT_GENERAL,PE,666.00,685.90,616.25,2.50,3.48,HIGH,NEUTRAL
2026-08-31 09:45:55,KFINTECH,FIIDII_BRK_SHORT_GENERAL,PE,935.40,970.65,847.27,2.50,3.64,HIGH,NEUTRAL
2026-08-31 09:45:55,CUMMINSIND,FIIDII_BRK_SHORT_GENERAL,PE,5116.00,5206.57,4889.57,2.50,3.09,HIGH,NEUTRAL
2026-08-31 09:45:55,ADANIGREEN,FIIDII_BRK_SHORT_GENERAL,PE,1294.10,1329.98,1204.41,2.50,3.25,HIGH,NEUTRAL
2026-08-31 09:45:55,KEI,FIIDII_BRK_SHORT_GENERAL,PE,5492.80,5580.19,5274.32,2.50,3.04,HIGH,NEUTRAL
2026-08-31 09:45:55,ADANIENT,FIIDII_BRK_SHORT_GENERAL,PE,3083.50,3145.31,2928.98,2.50,3.55,HIGH,NEUTRAL
2026-08-31 09:45:56,ICICIPRULI,FIIDII_BRK_SHORT_FII_V2,PE,502.55,509.77,484.49,2.50,2.79,VERY_HIGH,STRONG_SELL
2026-08-31 09:50:20,MANAPPURAM,FIIDII_BRK_SHORT_GENERAL,PE,340.85,370.41,266.96,2.50,3.38,HIGH,NEUTRAL
2026-08-31 09:50:20,ASTRAL,FIIDII_BRK_LONG_GENERAL,CE,1546.90,1526.71,1597.38,2.50,3.38,HIGH,BUY
2026-08-31 09:55:37,ETERNAL,FIIDII_BRK_SHORT_GENERAL,PE,323.95,331.39,305.35,2.50,3.04,HIGH,NEUTRAL
2026-08-31 10:00:55,BIOCON,FIIDII_BRK_SHORT_GENERAL,PE,409.25,419.00,384.87,2.50,2.62,HIGH,NEUTRAL
2026-08-31 10:00:55,PAYTM,FIIDII_BRK_SHORT_GENERAL,PE,1641.30,1726.46,1428.39,2.50,2.35,HIGH,NEUTRAL
2026-08-31 10:10:39,TATASTEEL,FIIDII_BRK_SHORT_GENERAL,PE,182.11,186.09,172.17,2.50,2.26,HIGH,NEUTRAL
2026-08-31 10:10:39,CROMPTON,FIIDII_BRK_SHORT_GENERAL,PE,231.25,241.47,205.69,2.50,2.27,HIGH,NEUTRAL
2026-08-31 10:20:12,SHRIRAMFIN,FIIDII_BRK_SHORT_GENERAL,PE,1067.50,1136.80,894.25,2.50,2.0,HIGH,NEUTRAL
2026-08-31 10:20:12,BLUESTARCO,FIIDII_BRK_SHORT_GENERAL,PE,1465.00,1506.10,1362.24,2.50,1.93,HIGH,BUY
2026-08-31 10:35:51,INDIANB,FIIDII_BRK_SHORT_GENERAL,PE,868.15,893.77,804.09,2.50,1.94,HIGH,NEUTRAL
2026-08-31 10:35:51,SWIGGY,FIIDII_BRK_SHORT_GENERAL,PE,277.60,291.32,243.30,2.50,2.04,HIGH,NEUTRAL
2026-08-31 10:40:15,WIPRO,FIIDII_BRK_SHORT_GENERAL,PE,177.09,179.17,171.90,2.50,2.13,HIGH,BUY
2026-08-31 10:40:15,LTF,FIIDII_BRK_SHORT_GENERAL,PE,309.10,323.72,272.55,2.50,2.18,HIGH,NEUTRAL
2026-08-31 10:40:15,AUROPHARMA,FIIDII_BRK_LONG_GENERAL,CE,1666.40,1617.43,1788.82,2.50,2.52,HIGH,NEUTRAL
2026-08-31 10:45:31,CIPLA,FIIDII_BRK_LONG_GENERAL,CE,1419.00,1401.08,1463.79,2.50,1.94,HIGH,NEUTRAL
2026-08-31 11:05:08,HDFCAMC,FIIDII_BRK_SHORT_GENERAL,PE,2546.00,2699.98,2161.06,2.50,2.0,HIGH,NEUTRAL
2026-08-31 11:21:10,MAHABANK,FIIDII_BRK_SHORT_GENERAL,PE,82.67,86.61,72.82,2.50,3.01,HIGH,NEUTRAL
2026-08-31 11:23:56,BANKINDIA,FIIDII_BRK_SHORT_GENERAL,PE,141.61,146.56,129.24,2.50,2.42,HIGH,NEUTRAL
2026-08-31 11:26:03,RECLTD,FIIDII_BRK_SHORT_GENERAL,PE,312.65,325.17,281.34,2.50,2.33,HIGH,NEUTRAL
2026-08-31 11:30:17,MUTHOOTFIN,FIIDII_BRK_SHORT_GENERAL,PE,3005.80,3217.82,2475.74,2.50,2.38,HIGH,NEUTRAL
2026-08-31 11:40:53,NAM-INDIA,FIIDII_BRK_SHORT_GENERAL,PE,1189.20,1229.48,1088.51,2.50,1.81,HIGH,NEUTRAL
2026-08-31 11:45:07,ADANIENSOL,FIIDII_BRK_SHORT_GENERAL,PE,1575.00,1611.32,1484.20,2.50,1.98,HIGH,NEUTRAL
2026-08-31 11:55:49,ANGELONE,FIIDII_BRK_SHORT_GENERAL,PE,287.50,300.90,254.00,2.50,1.99,HIGH,NEUTRAL
2026-08-31 12:50:37,BHEL,FIIDII_BRK_LONG_GENERAL,CE,432.60,416.80,472.11,2.50,1.97,HIGH,NEUTRAL
2026-08-31 13:25:36,SONACOMS,FIIDII_BRK_LONG_GENERAL,CE,812.10,794.76,855.45,2.50,2.0,HIGH,NEUTRAL
2026-08-31 14:26:10,BSE,FIIDII_BRK_SHORT_GENERAL,PE,3278.00,3364.96,3060.59,2.50,2.56,HIGH,STRONG_BUY
2026-08-31 14:35:34,LAURUSLABS,FIIDII_BRK_SHORT_GENERAL,PE,1873.10,1903.69,1796.62,2.50,1.99,HIGH,NEUTRAL
2026-08-31 14:55:54,ADANIPOWER,FIIDII_BRK_SHORT_GENERAL,PE,206.86,213.34,190.66,2.50,1.92,HIGH,NEUTRAL
2026-08-31 15:00:31,BPCL,FIIDII_BRK_SHORT_GENERAL,PE,313.25,318.60,299.87,2.50,1.96,HIGH,NEUTRAL
2026-08-31 15:05:51,ADANIPORTS,FIIDII_BRK_SHORT_GENERAL,PE,1639.90,1704.00,1479.66,2.50,1.86,HIGH,BUY
2026-08-31 15:05:51,GMRAIRPORT,FIIDII_BRK_SHORT_GENERAL,PE,95.00,99.45,83.88,2.50,2.53,HIGH,BUY
2026-09-01 09:20:34,ADANIPOWER,FIIDII_BRK_SHORT_GENERAL,PE,202.92,214.04,175.12,2.50,4.96,HIGH,BUY
2026-09-01 09:20:34,LODHA,FIIDII_BRK_SHORT_GENERAL,PE,1217.50,1274.51,1074.97,2.50,6.89,HIGH,BUY
2026-09-01 09:20:34,ADANIPORTS,FIIDII_BRK_SHORT_GENERAL,PE,1638.10,1704.80,1471.35,2.50,4.74,HIGH,BUY
2026-09-01 09:20:34,ADANIENSOL,FIIDII_BRK_SHORT_GENERAL,PE,1421.10,1609.01,951.32,2.50,2.75,HIGH,BUY
2026-09-01 09:20:34,ATHERENERG,FIIDII_BRK_LONG_GENERAL,CE,1676.40,1493.71,2133.14,2.50,3.05,HIGH,NEUTRAL
2026-09-01 09:20:34,IOC,FIIDII_BRK_SHORT_GENERAL,PE,136.58,137.92,133.22,2.50,4.5,HIGH,STRONG_BUY
2026-09-01 09:20:34,RECLTD,FIIDII_BRK_SHORT_GENERAL,PE,315.15,319.91,303.26,2.50,3.15,HIGH,STRONG_BUY
2026-09-01 09:20:34,SBICARD,FIIDII_BRK_LONG_GENERAL,CE,658.95,650.69,679.59,2.50,3.04,VERY_HIGH,STRONG_BUY
2026-09-01 09:20:34,RVNL,FIIDII_BRK_SHORT_GENERAL,PE,210.58,220.54,185.68,2.50,3.39,HIGH,NEUTRAL
2026-09-01 09:20:35,SBICARD,FIIDII_BRK_LONG_FII,CE,658.95,650.69,679.59,2.50,3.04,VERY_HIGH,STRONG_BUY
2026-09-01 09:20:35,VMM,FIIDII_BRK_LONG_FII_V2,CE,109.20,106.90,114.95,2.50,8.07,VERY_HIGH,STRONG_BUY
2026-09-01 09:20:35,BHEL,FIIDII_BRK_LONG_FII_V2,CE,432.10,427.02,444.81,2.50,2.86,VERY_HIGH,STRONG_BUY
2026-09-01 09:25:51,BDL,FIIDII_BRK_SHORT_GENERAL,PE,1250.50,1358.86,979.59,2.50,5.35,HIGH,NEUTRAL
2026-09-01 09:25:51,CDSL,FIIDII_BRK_SHORT_GENERAL,PE,1398.00,1417.24,1349.90,2.50,2.97,HIGH,NEUTRAL
2026-09-01 09:25:51,GODREJCP,FIIDII_BRK_SHORT_GENERAL,PE,897.80,921.16,839.41,2.50,4.01,HIGH,NEUTRAL
2026-09-01 09:25:51,BHARATFORG,FIIDII_BRK_LONG_GENERAL,CE,2043.30,2023.91,2091.77,2.50,3.56,VERY_HIGH,STRONG_BUY
2026-09-01 09:25:51,MCX,FIIDII_BRK_LONG_GENERAL,CE,3330.10,3275.44,3466.74,2.50,2.89,VERY_HIGH,STRONG_BUY
2026-09-01 09:25:51,SHRIRAMFIN,FIIDII_BRK_SHORT_GENERAL,PE,1073.40,1103.90,997.15,2.50,3.27,HIGH,STRONG_BUY
2026-09-01 09:25:51,ABCAPITAL,FIIDII_BRK_SHORT_GENERAL,PE,399.40,411.93,368.07,2.50,3.12,HIGH,STRONG_BUY
2026-09-01 09:25:51,HINDPETRO,FIIDII_BRK_SHORT_GENERAL,PE,363.35,373.57,337.81,2.50,2.16,HIGH,STRONG_BUY
2026-09-01 09:25:51,ICICIPRULI,FIIDII_BRK_SHORT_GENERAL,PE,497.60,518.80,444.60,2.50,2.13,HIGH,STRONG_BUY
2026-09-01 09:25:51,LTF,FIIDII_BRK_SHORT_GENERAL,PE,310.75,322.46,281.46,2.50,3.95,HIGH,STRONG_BUY
2026-09-01 09:25:51,VEDL,FIIDII_BRK_SHORT_GENERAL,PE,279.95,283.50,271.08,2.50,2.95,HIGH,NEUTRAL
2026-09-01 09:25:51,GODREJPROP,FIIDII_BRK_SHORT_GENERAL,PE,1984.30,2079.82,1745.50,2.50,2.98,HIGH,BUY
2026-09-01 09:25:51,GRASIM,FIIDII_BRK_LONG_GENERAL,CE,3325.60,3271.16,3461.71,2.50,2.78,VERY_HIGH,STRONG_BUY
2026-09-01 09:25:51,MUTHOOTFIN,FIIDII_BRK_SHORT_GENERAL,PE,2973.70,3146.91,2540.67,2.50,5.33,HIGH,BUY
2026-09-01 09:25:51,IDEA,FIIDII_BRK_SHORT_GENERAL,PE,14.54,15.11,13.13,2.50,4.21,HIGH,NEUTRAL
2026-09-01 09:25:51,JSWENERGY,FIIDII_BRK_SHORT_GENERAL,PE,518.55,538.96,467.52,2.50,2.85,HIGH,BUY
2026-09-01 09:25:51,PGEL,FIIDII_BRK_SHORT_GENERAL,PE,569.90,600.80,492.66,2.50,4.68,HIGH,BUY
2026-09-01 09:25:51,HYUNDAI,FIIDII_BRK_SHORT_GENERAL,PE,2237.40,2279.42,2132.36,2.50,4.3,HIGH,NEUTRAL
2026-09-01 09:25:51,MFSL,FIIDII_BRK_SHORT_GENERAL,PE,1541.00,1591.26,1415.35,2.50,4.06,HIGH,NEUTRAL
2026-09-01 09:25:51,HDFCLIFE,FIIDII_BRK_SHORT_GENERAL,PE,537.70,555.61,492.92,2.50,4.31,HIGH,BUY
2026-09-01 09:25:51,PNBHOUSING,FIIDII_BRK_SHORT_GENERAL,PE,1145.00,1186.75,1040.63,2.50,2.52,HIGH,NEUTRAL
2026-09-01 09:25:51,HCLTECH,FIIDII_BRK_LONG_GENERAL,CE,1339.70,1278.35,1493.07,2.50,3.8,HIGH,NEUTRAL
2026-09-01 09:25:51,RBLBANK,FIIDII_BRK_SHORT_GENERAL,PE,378.40,387.31,356.13,2.50,1.92,HIGH,BUY
2026-09-01 09:25:51,GMRAIRPORT,FIIDII_BRK_SHORT_GENERAL,PE,94.38,99.60,81.34,2.50,2.65,HIGH,BUY
2026-09-01 09:25:51,ETERNAL,FIIDII_BRK_SHORT_GENERAL,PE,324.95,328.88,315.12,2.50,2.11,HIGH,STRONG_BUY
2026-09-01 09:25:51,PETRONET,FIIDII_BRK_LONG_GENERAL,CE,295.95,289.28,312.63,2.50,3.92,VERY_HIGH,STRONG_BUY
2026-09-01 09:25:51,VBL,FIIDII_BRK_SHORT_GENERAL,PE,407.30,426.33,359.74,2.50,4.19,HIGH,NEUTRAL
2026-09-01 09:25:51,BHARATFORG,FIIDII_BRK_LONG_FII,CE,2043.30,2023.91,2091.77,2.50,3.56,VERY_HIGH,STRONG_BUY
2026-09-01 09:25:51,MCX,FIIDII_BRK_LONG_FII,CE,3330.10,3275.44,3466.74,2.50,2.89,VERY_HIGH,STRONG_BUY
2026-09-01 09:25:51,GRASIM,FIIDII_BRK_LONG_FII,CE,3325.60,3271.16,3461.71,2.50,2.78,VERY_HIGH,STRONG_BUY
2026-09-01 09:25:51,PETRONET,FIIDII_BRK_LONG_FII,CE,295.95,289.28,312.63,2.50,3.92,VERY_HIGH,STRONG_BUY
2026-09-01 09:25:51,ASTRAL,FIIDII_BRK_SHORT_FII_V2,PE,1519.60,1572.60,1387.09,2.50,2.46,VERY_HIGH,STRONG_SELL
2026-09-01 09:25:51,IOC,FIIDII_BRK_LONG_FII_V2,CE,137.49,134.18,145.77,2.50,5.03,VERY_HIGH,STRONG_BUY
2026-09-01 09:25:51,PETRONET,FIIDII_BRK_LONG_FII_V2,CE,295.95,290.63,309.26,2.50,3.92,VERY_HIGH,STRONG_BUY
2026-09-01 09:30:02,NATIONALUM,FIIDII_BRK_SHORT_GENERAL,PE,378.95,397.64,332.23,2.50,1.94,HIGH,BUY
2026-09-01 09:30:02,PNB,FIIDII_BRK_SHORT_GENERAL,PE,114.90,116.90,109.90,2.50,2.85,HIGH,BUY
2026-09-01 09:30:02,BANKBARODA,FIIDII_BRK_SHORT_GENERAL,PE,238.30,242.78,227.11,2.50,2.62,HIGH,BUY
2026-09-01 09:30:02,GVT&D,FIIDII_BRK_SHORT_GENERAL,PE,4319.00,4488.42,3895.44,2.50,3.77,HIGH,NEUTRAL
2026-09-01 09:30:02,DLF,FIIDII_BRK_SHORT_GENERAL,PE,671.35,684.50,638.48,2.50,4.34,HIGH,STRONG_BUY
2026-09-01 09:30:02,LAURUSLABS,FIIDII_BRK_SHORT_GENERAL,PE,1870.10,1913.92,1760.54,2.50,2.55,HIGH,BUY
2026-09-01 09:30:02,NHPC,FIIDII_BRK_LONG_GENERAL,CE,76.27,75.16,79.04,2.50,4.59,VERY_HIGH,STRONG_BUY
2026-09-01 09:30:02,ADANIGREEN,FIIDII_BRK_SHORT_GENERAL,PE,1252.50,1324.76,1071.84,2.50,5.1,HIGH,BUY
2026-09-01 09:30:02,BANKINDIA,FIIDII_BRK_SHORT_GENERAL,PE,142.34,145.11,135.40,2.50,2.97,HIGH,BUY
2026-09-01 09:30:02,AUROPHARMA,FIIDII_BRK_LONG_GENERAL,CE,1687.00,1605.17,1891.57,2.50,2.26,VERY_HIGH,STRONG_BUY
2026-09-01 09:30:02,KALYANKJIL,FIIDII_BRK_SHORT_GENERAL,PE,606.00,621.71,566.73,2.50,4.66,HIGH,NEUTRAL
2026-09-01 09:30:02,NHPC,FIIDII_BRK_LONG_FII,CE,76.27,75.16,79.04,2.50,4.59,VERY_HIGH,STRONG_BUY
2026-09-01 09:30:02,AUROPHARMA,FIIDII_BRK_LONG_FII,CE,1687.00,1605.17,1891.57,2.50,2.26,VERY_HIGH,STRONG_BUY
2026-09-01 09:30:02,NHPC,FIIDII_BRK_LONG_FII_V2,CE,76.27,74.20,81.45,2.50,4.59,VERY_HIGH,STRONG_BUY
2026-09-01 09:35:15,KAYNES,FIIDII_BRK_SHORT_GENERAL,PE,3684.70,4063.65,2737.31,2.50,3.11,HIGH,BUY
2026-09-01 09:35:15,TITAN,FIIDII_BRK_SHORT_GENERAL,PE,5060.00,5136.36,4869.09,2.50,3.97,HIGH,NEUTRAL
2026-09-01 09:35:15,FORTIS,FIIDII_BRK_SHORT_GENERAL,PE,899.50,917.80,853.76,2.50,3.53,HIGH,BUY
2026-09-01 09:35:15,MAHABANK,FIIDII_BRK_SHORT_GENERAL,PE,83.12,85.02,78.36,2.50,4.2,HIGH,NEUTRAL
2026-09-01 09:35:15,BANDHANBNK,FIIDII_BRK_SHORT_GENERAL,PE,162.49,171.60,139.71,2.50,3.66,HIGH,BUY
2026-09-01 09:40:31,MANAPPURAM,FIIDII_BRK_SHORT_GENERAL,PE,339.65,354.61,302.25,2.50,2.54,HIGH,BUY
2026-09-01 09:40:31,MAZDOCK,FIIDII_BRK_SHORT_GENERAL,PE,2463.10,2622.84,2063.74,2.50,3.66,HIGH,BUY
2026-09-01 09:45:48,VOLTAS,FIIDII_BRK_SHORT_GENERAL,PE,1193.80,1221.95,1123.41,2.50,2.28,HIGH,BUY
2026-09-01 09:45:48,INOXWIND,FIIDII_BRK_SHORT_GENERAL,PE,69.35,72.56,61.33,2.50,3.76,HIGH,BUY
2026-09-01 09:45:48,NESTLEIND,FIIDII_BRK_LONG_GENERAL,CE,1453.60,1439.77,1488.18,2.50,2.93,VERY_HIGH,STRONG_BUY
2026-09-01 09:45:48,NBCC,FIIDII_BRK_SHORT_GENERAL,PE,85.20,89.24,75.11,2.50,3.32,HIGH,NEUTRAL
2026-09-01 09:45:48,IREDA,FIIDII_BRK_SHORT_GENERAL,PE,114.25,117.75,105.49,2.50,3.56,HIGH,NEUTRAL
2026-09-01 09:45:48,NESTLEIND,FIIDII_BRK_LONG_FII,CE,1453.60,1439.77,1488.18,2.50,2.93,VERY_HIGH,STRONG_BUY
2026-09-01 09:50:01,HINDZINC,FIIDII_BRK_SHORT_GENERAL,PE,603.55,621.71,558.15,2.50,2.93,HIGH,NEUTRAL
2026-09-01 09:50:01,JINDALSTEL,FIIDII_BRK_SHORT_GENERAL,PE,1163.10,1193.87,1086.17,2.50,3.14,HIGH,NEUTRAL
2026-09-01 09:50:01,ADANIENT,FIIDII_BRK_SHORT_GENERAL,PE,2912.00,3158.85,2294.88,2.50,2.78,HIGH,BUY
2026-09-01 09:55:17,ITC,FIIDII_BRK_SHORT_GENERAL,PE,262.65,270.06,244.13,2.50,2.44,HIGH,BUY
2026-09-01 10:05:48,ASTRAL,FIIDII_BRK_SHORT_GENERAL,PE,1515.90,1537.10,1462.91,2.50,2.05,VERY_HIGH,STRONG_SELL
2026-09-01 10:05:48,ANGELONE,FIIDII_BRK_SHORT_GENERAL,PE,284.35,298.24,249.62,2.50,1.89,HIGH,BUY
2026-09-01 10:05:48,ASTRAL,FIIDII_BRK_SHORT_FII,PE,1515.90,1537.10,1462.91,2.50,2.05,VERY_HIGH,STRONG_SELL
2026-09-01 10:15:17,HDFCBANK,FIIDII_BRK_SHORT_GENERAL,PE,706.50,722.51,666.47,2.50,2.19,HIGH,BUY
2026-09-01 10:25:14,OIL,FIIDII_BRK_LONG_GENERAL,CE,489.40,465.35,549.53,2.50,2.01,VERY_HIGH,STRONG_BUY
2026-09-01 10:25:14,OIL,FIIDII_BRK_LONG_FII,CE,489.40,465.35,549.53,2.50,2.01,VERY_HIGH,STRONG_BUY
2026-09-01 10:25:14,OIL,FIIDII_BRK_LONG_FII_V2,CE,489.40,481.00,510.39,2.50,2.01,VERY_HIGH,STRONG_BUY
2026-09-01 10:30:29,AMBUJACEM,FIIDII_BRK_SHORT_GENERAL,PE,407.00,417.70,380.25,2.50,2.06,HIGH,NEUTRAL
2026-09-01 10:40:59,AUROPHARMA,FIIDII_BRK_LONG_FII_V2,CE,1692.90,1671.27,1746.97,2.50,1.81,VERY_HIGH,STRONG_BUY
2026-09-01 10:55:37,BLUESTARCO,FIIDII_BRK_SHORT_GENERAL,PE,1473.80,1501.59,1404.32,2.50,2.62,HIGH,NEUTRAL
2026-09-01 11:00:50,MARICO,FIIDII_BRK_LONG_GENERAL,CE,836.80,827.51,860.02,2.50,1.82,HIGH,BUY
2026-09-01 11:40:54,CAMS,FIIDII_BRK_LONG_GENERAL,CE,762.85,740.17,819.54,2.50,1.89,HIGH,NEUTRAL
2026-09-01 12:25:12,ASHOKLEY,FIIDII_BRK_SHORT_GENERAL,PE,170.44,178.17,151.11,2.50,1.88,HIGH,NEUTRAL
2026-09-01 12:35:37,ICICIGI,FIIDII_BRK_SHORT_GENERAL,PE,1554.00,1606.51,1422.74,2.50,2.68,HIGH,BUY
2026-09-01 12:45:01,M&M,FIIDII_BRK_SHORT_GENERAL,PE,3288.40,3364.36,3098.49,2.50,1.88,HIGH,NEUTRAL
2026-09-01 13:45:56,TVSMOTOR,FIIDII_BRK_SHORT_GENERAL,PE,4212.80,4415.71,3705.53,2.50,1.84,HIGH,NEUTRAL
2026-09-02 09:21:34,NATIONALUM,FIIDII_BRK_SHORT_GENERAL,PE,370.90,393.38,314.71,2.50,2.56,HIGH,NEUTRAL
2026-09-02 09:21:34,ADANIPOWER,FIIDII_BRK_SHORT_GENERAL,PE,201.86,213.74,172.16,2.50,4.07,HIGH,NEUTRAL
2026-09-02 09:21:34,SHRIRAMFIN,FIIDII_BRK_SHORT_GENERAL,PE,1030.60,1098.79,860.13,2.50,2.62,HIGH,NEUTRAL
2026-09-02 09:21:34,ABCAPITAL,FIIDII_BRK_SHORT_GENERAL,PE,387.70,410.03,331.88,2.50,2.61,HIGH,NEUTRAL
2026-09-02 09:21:34,ASTRAL,FIIDII_BRK_SHORT_GENERAL,PE,1498.50,1557.36,1351.35,2.50,2.61,HIGH,NEUTRAL
2026-09-02 09:21:34,NMDC,FIIDII_BRK_SHORT_GENERAL,PE,84.81,87.04,79.23,2.50,3.71,HIGH,NEUTRAL
2026-09-02 09:21:34,MUTHOOTFIN,FIIDII_BRK_SHORT_GENERAL,PE,2860.30,3108.30,2240.31,2.50,3.08,HIGH,NEUTRAL
2026-09-02 09:21:34,IDEA,FIIDII_BRK_SHORT_GENERAL,PE,14.00,14.84,11.89,2.50,3.89,HIGH,NEUTRAL
2026-09-02 09:21:34,INOXWIND,FIIDII_BRK_SHORT_GENERAL,PE,68.34,71.97,59.28,2.50,4.37,HIGH,NEUTRAL
2026-09-02 09:21:34,ONGC,FIIDII_BRK_LONG_GENERAL,CE,236.81,231.20,250.82,2.50,3.72,HIGH,NEUTRAL
2026-09-02 09:21:34,JSWENERGY,FIIDII_BRK_SHORT_GENERAL,PE,517.00,543.12,451.69,2.50,1.95,HIGH,NEUTRAL
2026-09-02 09:21:34,PGEL,FIIDII_BRK_SHORT_GENERAL,PE,559.35,595.78,468.27,2.50,4.77,HIGH,NEUTRAL
2026-09-02 09:21:34,CROMPTON,FIIDII_BRK_SHORT_GENERAL,PE,228.31,235.65,209.95,2.50,2.45,HIGH,NEUTRAL
2026-09-02 09:21:34,BAJAJFINSV,FIIDII_BRK_SHORT_GENERAL,PE,1952.80,2009.91,1810.02,2.50,1.96,HIGH,NEUTRAL
2026-09-02 09:21:34,ANGELONE,FIIDII_BRK_SHORT_GENERAL,PE,277.10,298.19,224.37,2.50,3.92,HIGH,NEUTRAL
2026-09-02 09:21:34,JUBLFOOD,FIIDII_BRK_SHORT_GENERAL,PE,478.90,500.80,424.16,2.50,2.54,HIGH,NEUTRAL
2026-09-02 09:21:34,OIL,FIIDII_BRK_LONG_GENERAL,CE,491.20,474.67,532.52,2.50,5.03,HIGH,NEUTRAL
2026-09-02 09:21:34,ADANIGREEN,FIIDII_BRK_SHORT_GENERAL,PE,1254.70,1319.85,1091.83,2.50,2.56,HIGH,STRONG_BUY
2026-09-02 09:21:34,MOTILALOFS,FIIDII_BRK_SHORT_GENERAL,PE,994.90,1048.08,861.94,2.50,4.0,HIGH,NEUTRAL
2026-09-02 09:21:34,SBICARD,FIIDII_BRK_SHORT_GENERAL,PE,627.50,647.79,576.78,2.50,2.7,HIGH,NEUTRAL
2026-09-02 09:21:34,ASHOKLEY,FIIDII_BRK_SHORT_GENERAL,PE,166.89,176.93,141.79,2.50,2.62,HIGH,NEUTRAL
2026-09-02 09:21:34,BHEL,FIIDII_BRK_SHORT_GENERAL,PE,420.00,434.85,382.87,2.50,2.84,HIGH,NEUTRAL
2026-09-02 09:25:48,HINDZINC,FIIDII_BRK_SHORT_GENERAL,PE,583.05,615.99,500.69,2.50,2.53,HIGH,NEUTRAL
2026-09-02 09:25:48,BDL,FIIDII_BRK_SHORT_GENERAL,PE,1235.70,1330.38,999.00,2.50,3.82,HIGH,NEUTRAL
2026-09-02 09:25:48,KAYNES,FIIDII_BRK_SHORT_GENERAL,PE,3570.00,4020.93,2442.68,2.50,3.71,HIGH,NEUTRAL
2026-09-02 09:25:48,HEROMOTOCO,FIIDII_BRK_SHORT_GENERAL,PE,5420.00,5670.96,4792.60,2.50,3.55,HIGH,STRONG_BUY
2026-09-02 09:25:48,LODHA,FIIDII_BRK_SHORT_GENERAL,PE,1173.60,1277.62,913.55,2.50,4.2,HIGH,NEUTRAL
2026-09-02 09:25:48,SONACOMS,FIIDII_BRK_SHORT_GENERAL,PE,787.80,816.54,715.94,2.50,4.78,HIGH,NEUTRAL
2026-09-02 09:25:48,GODREJPROP,FIIDII_BRK_SHORT_GENERAL,PE,1922.00,2087.14,1509.14,2.50,5.2,HIGH,NEUTRAL
2026-09-02 09:25:48,VEDL,FIIDII_BRK_SHORT_GENERAL,PE,269.20,290.27,216.53,2.50,4.21,HIGH,NEUTRAL
2026-09-02 09:25:48,UNITDSPR,FIIDII_BRK_SHORT_GENERAL,PE,1455.60,1522.55,1288.22,2.50,2.93,HIGH,NEUTRAL
2026-09-02 09:25:48,VOLTAS,FIIDII_BRK_SHORT_GENERAL,PE,1178.90,1207.51,1107.37,2.50,4.83,HIGH,NEUTRAL
2026-09-02 09:25:48,ADANIENSOL,FIIDII_BRK_SHORT_GENERAL,PE,1353.00,1593.77,751.08,2.50,2.87,HIGH,NEUTRAL
2026-09-02 09:25:48,ATHERENERG,FIIDII_BRK_LONG_GENERAL,CE,1720.80,1593.80,2038.29,2.50,4.03,HIGH,NEUTRAL
2026-09-02 09:25:48,JSWSTEEL,FIIDII_BRK_SHORT_GENERAL,PE,1304.50,1336.00,1225.76,2.50,2.22,HIGH,NEUTRAL
2026-09-02 09:25:48,COALINDIA,FIIDII_BRK_LONG_GENERAL,CE,417.45,400.30,460.34,2.50,6.63,HIGH,NEUTRAL
2026-09-02 09:25:48,RELIANCE,FIIDII_BRK_LONG_GENERAL,CE,1295.50,1282.14,1328.89,2.50,3.73,HIGH,NEUTRAL
2026-09-02 09:25:48,TCS,FIIDII_BRK_SHORT_GENERAL,PE,2309.90,2337.49,2240.92,2.50,3.69,HIGH,NEUTRAL
2026-09-02 09:25:48,DLF,FIIDII_BRK_SHORT_GENERAL,PE,654.75,682.14,586.27,2.50,4.06,HIGH,NEUTRAL
2026-09-02 09:25:48,POWERGRID,FIIDII_BRK_SHORT_GENERAL,PE,263.00,268.10,250.25,2.50,3.74,HIGH,NEUTRAL
2026-09-02 09:25:48,HINDALCO,FIIDII_BRK_SHORT_GENERAL,PE,1005.50,1035.00,931.76,2.50,2.11,HIGH,NEUTRAL
2026-09-02 09:25:48,BEL,FIIDII_BRK_SHORT_GENERAL,PE,405.05,410.58,391.23,2.50,4.5,HIGH,NEUTRAL
2026-09-02 09:25:48,GMRAIRPORT,FIIDII_BRK_SHORT_GENERAL,PE,92.85,99.23,76.91,2.50,2.18,HIGH,NEUTRAL
2026-09-02 09:25:48,ETERNAL,FIIDII_BRK_SHORT_GENERAL,PE,323.70,328.28,312.25,2.50,2.98,HIGH,NEUTRAL
2026-09-02 09:25:48,BPCL,FIIDII_BRK_SHORT_GENERAL,PE,313.90,318.45,302.52,2.50,3.49,HIGH,NEUTRAL
2026-09-02 09:30:12,INFY,FIIDII_BRK_SHORT_GENERAL,PE,1130.90,1146.53,1091.83,2.50,2.55,HIGH,STRONG_BUY
2026-09-02 09:30:12,PATANJALI,FIIDII_BRK_SHORT_GENERAL,PE,341.40,350.25,319.28,2.50,4.49,HIGH,NEUTRAL
2026-09-02 09:30:12,TECHM,FIIDII_BRK_SHORT_GENERAL,PE,1613.80,1642.11,1543.02,2.50,3.2,HIGH,NEUTRAL
2026-09-02 09:30:12,WIPRO,FIIDII_BRK_SHORT_GENERAL,PE,178.47,181.11,171.87,2.50,4.64,HIGH,NEUTRAL
2026-09-02 09:30:12,LICI,FIIDII_BRK_SHORT_GENERAL,PE,409.75,414.64,397.52,2.50,3.57,HIGH,NEUTRAL
2026-09-02 09:30:12,BANDHANBNK,FIIDII_BRK_SHORT_GENERAL,PE,159.41,170.41,131.91,2.50,5.03,HIGH,NEUTRAL
2026-09-02 09:30:12,VBL,FIIDII_BRK_SHORT_GENERAL,PE,406.50,420.01,372.73,2.50,4.0,HIGH,NEUTRAL
2026-09-02 09:35:29,GVT&D,FIIDII_BRK_SHORT_GENERAL,PE,4204.00,4401.57,3710.09,2.50,2.8,HIGH,NEUTRAL
2026-09-02 09:35:29,LAURUSLABS,FIIDII_BRK_SHORT_GENERAL,PE,1834.10,1929.07,1596.68,2.50,2.93,HIGH,NEUTRAL
2026-09-02 09:35:29,INDIANB,FIIDII_BRK_SHORT_GENERAL,PE,873.50,883.59,848.27,2.50,2.45,HIGH,NEUTRAL
2026-09-02 09:35:29,SUNPHARMA,FIIDII_BRK_LONG_GENERAL,CE,1938.70,1906.66,2018.79,2.50,2.24,HIGH,NEUTRAL
2026-09-02 09:35:29,IOC,FIIDII_BRK_SHORT_GENERAL,PE,135.53,137.28,131.15,2.50,3.01,HIGH,NEUTRAL
2026-09-02 09:35:29,UNIONBANK,FIIDII_BRK_SHORT_GENERAL,PE,184.03,186.62,177.56,2.50,3.57,HIGH,NEUTRAL
2026-09-02 09:35:29,KPITTECH,FIIDII_BRK_SHORT_GENERAL,PE,585.10,608.32,527.05,2.50,4.7,HIGH,NEUTRAL
2026-09-02 09:35:29,SWIGGY,FIIDII_BRK_SHORT_GENERAL,PE,266.30,285.05,219.42,2.50,4.76,HIGH,NEUTRAL
2026-09-02 09:35:29,MAHABANK,FIIDII_BRK_SHORT_GENERAL,PE,82.14,84.25,76.86,2.50,3.32,HIGH,NEUTRAL
2026-09-02 09:35:29,RBLBANK,FIIDII_BRK_SHORT_GENERAL,PE,378.10,384.25,362.73,2.50,5.95,HIGH,NEUTRAL
2026-09-02 09:35:29,BANKINDIA,FIIDII_BRK_SHORT_GENERAL,PE,141.45,144.55,133.69,2.50,4.32,HIGH,NEUTRAL
2026-09-02 09:35:29,AUROPHARMA,FIIDII_BRK_LONG_GENERAL,CE,1680.80,1625.01,1820.27,2.50,3.6,HIGH,NEUTRAL
2026-09-02 09:35:29,ADANIENT,FIIDII_BRK_SHORT_GENERAL,PE,2846.10,3165.37,2047.93,2.50,2.77,HIGH,NEUTRAL
2026-09-02 09:35:29,SAIL,FIIDII_BRK_SHORT_GENERAL,PE,191.79,197.22,178.22,2.50,3.38,HIGH,NEUTRAL
2026-09-02 09:40:43,BIOCON,FIIDII_BRK_SHORT_GENERAL,PE,399.70,417.75,354.58,2.50,2.91,HIGH,NEUTRAL
2026-09-02 09:40:43,PRESTIGE,FIIDII_BRK_SHORT_GENERAL,PE,1535.70,1624.26,1314.30,2.50,3.09,HIGH,NEUTRAL
2026-09-02 09:40:43,UNOMINDA,FIIDII_BRK_SHORT_GENERAL,PE,1251.20,1282.74,1172.36,2.50,1.9,HIGH,BUY
2026-09-02 09:40:43,ADANIPORTS,FIIDII_BRK_SHORT_GENERAL,PE,1657.10,1715.13,1512.03,2.50,3.51,HIGH,NEUTRAL
2026-09-02 09:40:43,TVSMOTOR,FIIDII_BRK_SHORT_GENERAL,PE,4097.90,4407.18,3324.69,2.50,2.13,HIGH,NEUTRAL
2026-09-02 09:40:43,KFINTECH,FIIDII_BRK_SHORT_GENERAL,PE,913.25,959.67,797.20,2.50,3.82,HIGH,NEUTRAL
2026-09-02 09:40:43,KALYANKJIL,FIIDII_BRK_SHORT_GENERAL,PE,563.15,626.72,404.21,2.50,3.37,HIGH,BUY
2026-09-02 09:45:05,NBCC,FIIDII_BRK_SHORT_GENERAL,PE,84.67,88.64,74.76,2.50,3.23,HIGH,NEUTRAL
2026-09-02 09:45:05,M&M,FIIDII_BRK_SHORT_GENERAL,PE,3200.70,3357.04,2809.85,2.50,2.94,HIGH,NEUTRAL
2026-09-02 09:50:21,MANAPPURAM,FIIDII_BRK_SHORT_GENERAL,PE,332.45,351.05,285.95,2.50,3.27,HIGH,NEUTRAL
2026-09-02 09:50:21,ICICIPRULI,FIIDII_BRK_SHORT_GENERAL,PE,492.65,508.27,453.60,2.50,2.41,HIGH,NEUTRAL
2026-09-02 09:50:21,NYKAA,FIIDII_BRK_SHORT_GENERAL,PE,330.70,337.76,313.05,2.50,2.14,HIGH,NEUTRAL
2026-09-02 09:50:21,TATAPOWER,FIIDII_BRK_LONG_GENERAL,CE,355.00,349.70,368.26,2.50,3.68,HIGH,NEUTRAL
2026-09-02 09:50:21,INDHOTEL,FIIDII_BRK_LONG_GENERAL,CE,716.05,701.44,752.58,2.50,3.55,HIGH,NEUTRAL
2026-09-02 09:55:45,INDUSTOWER,FIIDII_BRK_SHORT_GENERAL,PE,375.75,384.75,353.25,2.50,1.87,HIGH,NEUTRAL
2026-09-02 10:01:00,JINDALSTEL,FIIDII_BRK_SHORT_GENERAL,PE,1153.00,1187.55,1066.62,2.50,2.64,HIGH,NEUTRAL
2026-09-02 10:01:00,TATASTEEL,FIIDII_BRK_SHORT_GENERAL,PE,183.58,187.52,173.73,2.50,2.73,HIGH,NEUTRAL
2026-09-02 10:01:00,IRFC,FIIDII_BRK_SHORT_GENERAL,PE,82.26,85.07,75.22,2.50,2.7,HIGH,NEUTRAL
2026-09-02 10:01:00,COCHINSHIP,FIIDII_BRK_SHORT_GENERAL,PE,1467.20,1543.52,1276.41,2.50,2.51,HIGH,NEUTRAL
2026-09-02 10:01:00,NTPC,FIIDII_BRK_SHORT_GENERAL,PE,326.30,332.24,311.44,2.50,2.55,HIGH,NEUTRAL
2026-09-02 10:01:00,CAMS,FIIDII_BRK_SHORT_GENERAL,PE,741.35,761.68,690.53,2.50,2.61,HIGH,NEUTRAL
2026-09-02 10:01:00,MFSL,FIIDII_BRK_SHORT_GENERAL,PE,1509.50,1592.76,1301.34,2.50,2.64,HIGH,NEUTRAL
2026-09-02 10:05:22,PNB,FIIDII_BRK_LONG_GENERAL,CE,116.87,114.61,122.53,2.50,2.89,HIGH,NEUTRAL
2026-09-02 10:05:22,CANBK,FIIDII_BRK_SHORT_GENERAL,PE,126.76,128.23,123.08,2.50,2.47,HIGH,NEUTRAL
2026-09-02 10:05:22,BSE,FIIDII_BRK_SHORT_GENERAL,PE,3199.80,3400.17,2698.88,2.50,2.6,HIGH,NEUTRAL
2026-09-02 10:06:25,SAGILITY,FIIDII_BRK_LONG_GENERAL,CE,46.75,45.94,48.77,2.50,2.49,HIGH,NEUTRAL
2026-09-02 10:10:37,AMBUJACEM,FIIDII_BRK_SHORT_GENERAL,PE,400.80,414.09,367.58,2.50,2.39,HIGH,NEUTRAL
2026-09-02 10:10:37,INDUSINDBK,FIIDII_BRK_SHORT_GENERAL,PE,973.00,1003.60,896.50,2.50,2.35,HIGH,NEUTRAL
2026-09-02 10:16:02,AXISBANK,FIIDII_BRK_SHORT_GENERAL,PE,1261.80,1269.20,1243.31,2.50,2.39,HIGH,NEUTRAL
2026-09-02 10:20:13,HYUNDAI,FIIDII_BRK_SHORT_GENERAL,PE,2122.20,2283.73,1718.37,2.50,2.09,HIGH,NEUTRAL
2026-09-02 10:20:13,CIPLA,FIIDII_BRK_SHORT_GENERAL,PE,1401.90,1417.84,1362.05,2.50,2.25,HIGH,NEUTRAL
2026-09-02 10:25:06,NAUKRI,FIIDII_BRK_SHORT_GENERAL,PE,1326.60,1364.18,1232.65,2.50,2.61,HIGH,NEUTRAL
2026-09-02 10:25:06,JIOFIN,FIIDII_BRK_SHORT_GENERAL,PE,236.46,239.32,229.32,2.50,2.38,HIGH,NEUTRAL
2026-09-02 10:35:46,HAL,FIIDII_BRK_SHORT_GENERAL,PE,4735.90,4885.11,4362.87,2.50,1.96,HIGH,NEUTRAL
2026-09-02 10:35:46,PAYTM,FIIDII_BRK_SHORT_GENERAL,PE,1599.30,1682.23,1391.97,2.50,2.06,HIGH,NEUTRAL
2026-09-02 10:35:46,HAVELLS,FIIDII_BRK_SHORT_GENERAL,PE,1203.10,1236.60,1119.35,2.50,1.92,HIGH,NEUTRAL
2026-09-02 10:35:46,BLUESTARCO,FIIDII_BRK_SHORT_GENERAL,PE,1462.20,1483.14,1409.86,2.50,2.32,HIGH,NEUTRAL
2026-09-02 10:40:07,PREMIERENE,FIIDII_BRK_SHORT_GENERAL,PE,1006.20,1017.74,977.34,2.50,3.92,HIGH,NEUTRAL
2026-09-02 10:50:35,HDFCAMC,FIIDII_BRK_SHORT_GENERAL,PE,2503.40,2573.00,2329.41,2.50,1.92,HIGH,NEUTRAL
2026-09-02 11:30:26,ZYDUSLIFE,FIIDII_BRK_SHORT_GENERAL,PE,1149.20,1184.14,1061.85,2.50,2.7,HIGH,NEUTRAL
2026-09-02 11:45:18,KOTAKBANK,FIIDII_BRK_SHORT_GENERAL,PE,419.95,426.12,404.51,2.50,2.12,HIGH,NEUTRAL
2026-09-02 12:35:52,LICHSGFIN,FIIDII_BRK_SHORT_GENERAL,PE,531.85,538.51,515.20,2.50,1.99,HIGH,NEUTRAL
2026-09-02 12:40:04,TMPV,FIIDII_BRK_SHORT_GENERAL,PE,311.50,318.80,293.24,2.50,2.04,HIGH,NEUTRAL
2026-09-02 12:45:27,ICICIGI,FIIDII_BRK_SHORT_GENERAL,PE,1532.20,1566.08,1447.49,2.50,1.81,HIGH,NEUTRAL
2026-09-07 09:25:43,MANAPPURAM,FIIDII_BRK_SHORT_GENERAL,PE,328.80,335.80,311.29,2.50,6.35,HIGH,NEUTRAL
2026-09-07 09:25:43,JINDALSTEL,FIIDII_BRK_SHORT_GENERAL,PE,1142.20,1168.49,1076.46,2.50,1.88,HIGH,NEUTRAL
2026-09-07 09:25:43,SAGILITY,FIIDII_BRK_SHORT_GENERAL,PE,46.12,47.09,43.69,2.50,3.27,HIGH,NEUTRAL
2026-09-07 09:25:43,NMDC,FIIDII_BRK_SHORT_GENERAL,PE,84.15,85.62,80.48,2.50,3.89,HIGH,NEUTRAL
2026-09-07 09:25:43,IDEA,FIIDII_BRK_LONG_GENERAL,CE,15.34,14.44,17.60,2.50,5.38,VERY_HIGH,STRONG_BUY
2026-09-07 09:25:43,PIDILITIND,FIIDII_BRK_SHORT_GENERAL,PE,1612.20,1643.92,1532.91,2.50,1.84,HIGH,NEUTRAL
2026-09-07 09:25:43,KALYANKJIL,FIIDII_BRK_LONG_GENERAL,CE,600.00,555.08,712.30,2.50,2.58,HIGH,NEUTRAL
2026-09-07 09:25:43,IDEA,FIIDII_BRK_LONG_FII,CE,15.34,14.44,17.60,2.50,5.38,VERY_HIGH,STRONG_BUY
2026-09-07 09:25:43,IDEA,FIIDII_BRK_LONG_FII_V2,CE,15.34,14.96,16.30,2.50,5.38,VERY_HIGH,STRONG_BUY
2026-09-07 09:31:03,KAYNES,FIIDII_BRK_LONG_GENERAL,CE,3655.10,3521.40,3989.34,2.50,5.31,HIGH,NEUTRAL
2026-09-07 09:31:03,HDFCAMC,FIIDII_BRK_SHORT_GENERAL,PE,2463.30,2515.42,2332.99,2.50,2.13,HIGH,NEUTRAL
2026-09-07 09:31:03,INDUSTOWER,FIIDII_BRK_LONG_GENERAL,CE,382.40,373.78,403.96,2.50,4.73,HIGH,NEUTRAL
2026-09-07 09:31:03,GVT&D,FIIDII_BRK_LONG_GENERAL,CE,4361.70,4192.68,4784.24,2.50,2.35,HIGH,NEUTRAL
2026-09-07 09:31:03,KFINTECH,FIIDII_BRK_SHORT_GENERAL,PE,924.10,935.80,894.85,2.50,3.27,HIGH,STRONG_BUY
2026-09-07 09:31:03,ANGELONE,FIIDII_BRK_LONG_GENERAL,CE,302.85,278.16,364.57,2.50,3.7,VERY_HIGH,STRONG_BUY
2026-09-07 09:31:03,SAIL,FIIDII_BRK_SHORT_GENERAL,PE,191.44,195.13,182.21,2.50,4.53,HIGH,NEUTRAL
2026-09-07 09:31:03,ANGELONE,FIIDII_BRK_LONG_FII,CE,302.85,278.16,364.57,2.50,3.7,VERY_HIGH,STRONG_BUY
2026-09-07 09:31:03,ANGELONE,FIIDII_BRK_LONG_FII_V2,CE,302.85,297.70,315.71,2.50,3.7,VERY_HIGH,STRONG_BUY
2026-09-07 09:35:18,CGPOWER,FIIDII_BRK_LONG_GENERAL,CE,901.80,871.48,977.61,2.50,4.8,HIGH,NEUTRAL
2026-09-07 09:40:36,ATHERENERG,FIIDII_BRK_SHORT_GENERAL,PE,1568.00,1735.99,1148.02,2.50,3.47,HIGH,NEUTRAL
2026-09-07 09:40:36,RVNL,FIIDII_BRK_LONG_GENERAL,CE,214.70,204.48,240.24,2.50,3.94,VERY_HIGH,STRONG_BUY
2026-09-07 09:40:36,RVNL,FIIDII_BRK_LONG_FII,CE,214.70,204.48,240.24,2.50,3.94,VERY_HIGH,STRONG_BUY
2026-09-07 09:40:36,RVNL,FIIDII_BRK_LONG_FII_V2,CE,214.70,210.57,225.03,2.50,3.94,VERY_HIGH,STRONG_BUY
2026-09-07 09:45:54,CDSL,FIIDII_BRK_LONG_GENERAL,CE,1407.40,1361.00,1523.39,2.50,4.2,HIGH,NEUTRAL
2026-09-07 09:50:18,AUBANK,FIIDII_BRK_SHORT_GENERAL,PE,1057.90,1075.72,1013.36,2.50,3.09,HIGH,NEUTRAL
2026-09-07 09:50:18,GAIL,FIIDII_BRK_LONG_GENERAL,CE,175.04,171.50,183.88,2.50,3.54,HIGH,NEUTRAL
2026-09-07 09:55:39,UNOMINDA,FIIDII_BRK_SHORT_GENERAL,PE,1229.80,1251.74,1174.94,2.50,2.64,HIGH,NEUTRAL
2026-09-07 09:55:39,NAUKRI,FIIDII_BRK_SHORT_GENERAL,PE,1302.60,1337.40,1215.60,2.50,2.6,HIGH,NEUTRAL
2026-09-07 09:55:39,FEDERALBNK,FIIDII_BRK_SHORT_GENERAL,PE,339.75,350.60,312.63,2.50,2.77,HIGH,NEUTRAL
2026-09-07 10:00:58,ADANIENT,FIIDII_BRK_LONG_GENERAL,CE,2957.80,2864.48,3191.10,2.50,2.77,HIGH,NEUTRAL
2026-09-07 10:05:13,SBIN,FIIDII_BRK_SHORT_GENERAL,PE,1009.40,1038.21,937.39,2.50,3.39,HIGH,NEUTRAL
2026-09-07 10:05:13,HAVELLS,FIIDII_BRK_SHORT_GENERAL,PE,1154.50,1208.01,1020.72,2.50,2.24,HIGH,BUY
2026-09-07 10:10:42,PATANJALI,FIIDII_BRK_SHORT_GENERAL,PE,336.90,343.63,320.08,2.50,2.49,HIGH,NEUTRAL
2026-09-07 10:10:42,LODHA,FIIDII_BRK_LONG_GENERAL,CE,1226.00,1174.37,1355.08,2.50,1.93,HIGH,NEUTRAL
2026-09-07 10:19:13,SWIGGY,FIIDII_BRK_LONG_GENERAL,CE,278.35,266.15,308.85,2.50,2.13,VERY_HIGH,STRONG_BUY
2026-09-07 10:19:13,SWIGGY,FIIDII_BRK_LONG_FII,CE,278.35,266.15,308.85,2.50,2.13,VERY_HIGH,STRONG_BUY
2026-09-07 10:20:17,VMM,FIIDII_BRK_SHORT_GENERAL,PE,104.97,108.32,96.59,2.50,2.81,HIGH,NEUTRAL
2026-09-07 10:20:17,MOTILALOFS,FIIDII_BRK_LONG_GENERAL,CE,1046.30,996.80,1170.05,2.50,2.51,VERY_HIGH,STRONG_BUY
2026-09-07 10:23:22,MOTILALOFS,FIIDII_BRK_LONG_FII,CE,1047.00,994.51,1178.23,2.50,2.99,VERY_HIGH,STRONG_BUY
2026-09-07 10:23:22,MOTILALOFS,FIIDII_BRK_LONG_FII_V2,CE,1047.00,1031.89,1084.76,2.50,2.99,VERY_HIGH,STRONG_BUY
2026-09-07 10:25:29,BDL,FIIDII_BRK_LONG_GENERAL,CE,1265.00,1231.69,1348.27,2.50,2.49,HIGH,STRONG_SELL
2026-09-07 10:25:29,BIOCON,FIIDII_BRK_SHORT_GENERAL,PE,393.75,402.10,372.87,2.50,2.29,HIGH,BUY
2026-09-07 10:25:29,INOXWIND,FIIDII_BRK_LONG_GENERAL,CE,75.68,69.22,91.83,2.50,2.46,HIGH,NEUTRAL
2026-09-07 10:35:13,NYKAA,FIIDII_BRK_LONG_GENERAL,CE,338.85,329.51,362.20,2.50,3.45,HIGH,NEUTRAL
2026-09-07 10:56:02,POLICYBZR,FIIDII_BRK_SHORT_GENERAL,PE,1816.80,1848.03,1738.73,2.50,2.68,HIGH,NEUTRAL
2026-09-07 11:24:02,GODREJPROP,FIIDII_BRK_SHORT_GENERAL,PE,1907.00,1943.41,1815.97,2.50,3.15,HIGH,NEUTRAL
2026-09-07 11:24:02,BHEL,FIIDII_BRK_SHORT_GENERAL,PE,420.40,426.63,404.83,2.50,2.86,HIGH,NEUTRAL
2026-09-07 11:25:06,LAURUSLABS,FIIDII_BRK_LONG_GENERAL,CE,1862.60,1823.91,1959.32,2.50,2.42,HIGH,NEUTRAL
2026-09-07 11:30:24,HINDPETRO,FIIDII_BRK_SHORT_GENERAL,PE,350.00,359.37,326.56,2.50,2.87,HIGH,NEUTRAL
2026-09-07 11:35:42,TRENT,FIIDII_BRK_SHORT_GENERAL,PE,2778.20,2877.41,2530.18,2.50,2.04,HIGH,NEUTRAL
2026-09-07 11:41:02,PNBHOUSING,FIIDII_BRK_LONG_GENERAL,CE,1171.30,1130.60,1273.05,2.50,1.9,VERY_HIGH,STRONG_BUY
2026-09-07 11:41:02,PNBHOUSING,FIIDII_BRK_LONG_FII,CE,1171.30,1130.60,1273.05,2.50,1.9,VERY_HIGH,STRONG_BUY
2026-09-07 11:41:03,PNBHOUSING,FIIDII_BRK_LONG_FII_V2,CE,1171.30,1160.41,1198.53,2.50,1.9,VERY_HIGH,STRONG_BUY
2026-09-07 12:15:56,DABUR,FIIDII_BRK_SHORT_GENERAL,PE,376.85,382.09,363.74,2.50,1.98,HIGH,NEUTRAL
2026-09-07 12:36:05,HYUNDAI,FIIDII_BRK_LONG_GENERAL,CE,2222.80,2093.10,2547.05,2.50,2.28,HIGH,NEUTRAL
2026-09-07 12:45:39,OIL,FIIDII_BRK_SHORT_GENERAL,PE,486.80,499.95,453.94,2.50,1.99,HIGH,NEUTRAL
2026-09-07 13:31:00,INDIANB,FIIDII_BRK_SHORT_GENERAL,PE,872.30,880.63,851.47,2.50,1.81,HIGH,NEUTRAL
2026-09-08 09:20:52,BDL,FIIDII_BRK_SHORT_GENERAL,PE,1242.00,1265.99,1182.03,2.50,6.06,HIGH,NEUTRAL
2026-09-08 09:20:52,PRESTIGE,FIIDII_BRK_SHORT_GENERAL,PE,1542.30,1632.88,1315.84,2.50,4.78,HIGH,NEUTRAL
2026-09-08 09:20:52,LODHA,FIIDII_BRK_SHORT_GENERAL,PE,1181.10,1248.13,1013.52,2.50,6.42,HIGH,NEUTRAL
2026-09-08 09:20:52,GODREJPROP,FIIDII_BRK_SHORT_GENERAL,PE,1897.00,2062.87,1482.32,2.50,3.53,HIGH,BUY
2026-09-08 09:20:52,IDEA,FIIDII_BRK_LONG_GENERAL,CE,15.42,14.50,17.73,2.50,3.34,HIGH,NEUTRAL
2026-09-08 09:20:52,INOXWIND,FIIDII_BRK_LONG_GENERAL,CE,75.42,70.77,87.05,2.50,2.7,HIGH,NEUTRAL
2026-09-08 09:20:52,GVT&D,FIIDII_BRK_LONG_GENERAL,CE,4648.40,4296.07,5529.22,2.50,9.3,HIGH,NEUTRAL
2026-09-08 09:20:52,DLF,FIIDII_BRK_SHORT_GENERAL,PE,667.05,684.85,622.55,2.50,4.15,HIGH,NEUTRAL
2026-09-08 09:20:52,PNBHOUSING,FIIDII_BRK_LONG_GENERAL,CE,1174.60,1148.34,1240.24,2.50,2.11,HIGH,NEUTRAL
2026-09-08 09:20:52,KEI,FIIDII_BRK_SHORT_GENERAL,PE,4705.50,5294.84,3232.16,2.50,3.25,HIGH,NEUTRAL
2026-09-08 09:20:52,BPCL,FIIDII_BRK_SHORT_GENERAL,PE,313.80,320.06,298.16,2.50,3.13,HIGH,NEUTRAL
2026-09-08 09:25:05,SAGILITY,FIIDII_BRK_SHORT_GENERAL,PE,45.43,47.35,40.63,2.50,4.07,HIGH,NEUTRAL
2026-09-08 09:25:05,HAL,FIIDII_BRK_LONG_GENERAL,CE,4972.00,4744.82,5539.94,2.50,6.36,HIGH,NEUTRAL
2026-09-08 09:25:05,IREDA,FIIDII_BRK_SHORT_GENERAL,PE,112.18,114.02,107.58,2.50,4.49,HIGH,NEUTRAL
2026-09-08 09:25:05,NAUKRI,FIIDII_BRK_SHORT_GENERAL,PE,1273.90,1339.81,1109.13,2.50,4.58,VERY_HIGH,STRONG_SELL
2026-09-08 09:25:05,PIDILITIND,FIIDII_BRK_SHORT_GENERAL,PE,1582.90,1634.89,1452.93,2.50,4.27,HIGH,NEUTRAL
2026-09-08 09:25:05,DRREDDY,FIIDII_BRK_SHORT_GENERAL,PE,1147.40,1166.69,1099.18,2.50,3.8,HIGH,NEUTRAL
2026-09-08 09:25:05,NHPC,FIIDII_BRK_SHORT_GENERAL,PE,75.45,77.44,70.47,2.50,4.81,HIGH,BUY
2026-09-08 09:25:05,TMPV,FIIDII_BRK_SHORT_GENERAL,PE,302.85,313.44,276.38,2.50,4.36,HIGH,BUY
2026-09-08 09:25:05,MOTILALOFS,FIIDII_BRK_LONG_GENERAL,CE,1040.00,1007.07,1122.33,2.50,3.06,VERY_HIGH,STRONG_BUY
2026-09-08 09:25:05,SBICARD,FIIDII_BRK_LONG_GENERAL,CE,667.85,658.37,691.55,2.50,3.99,VERY_HIGH,STRONG_BUY
2026-09-08 09:25:05,NAUKRI,FIIDII_BRK_SHORT_FII,PE,1273.90,1339.81,1109.13,2.50,4.58,VERY_HIGH,STRONG_SELL
2026-09-08 09:25:05,MOTILALOFS,FIIDII_BRK_LONG_FII,CE,1040.00,1007.07,1122.33,2.50,3.06,VERY_HIGH,STRONG_BUY
2026-09-08 09:25:05,SBICARD,FIIDII_BRK_LONG_FII,CE,667.85,658.37,691.55,2.50,3.99,VERY_HIGH,STRONG_BUY
2026-09-08 09:30:22,ZYDUSLIFE,FIIDII_BRK_LONG_GENERAL,CE,1148.10,1135.98,1178.40,2.50,1.9,VERY_HIGH,STRONG_BUY
2026-09-08 09:30:22,MFSL,FIIDII_BRK_SHORT_GENERAL,PE,1514.60,1544.62,1439.55,2.50,1.88,VERY_HIGH,STRONG_SELL
2026-09-08 09:30:22,AUBANK,FIIDII_BRK_SHORT_GENERAL,PE,1063.00,1077.02,1027.95,2.50,3.61,HIGH,BUY
2026-09-08 09:30:22,POLICYBZR,FIIDII_BRK_SHORT_GENERAL,PE,1806.90,1856.85,1682.02,2.50,2.13,HIGH,BUY
2026-09-08 09:30:22,ZYDUSLIFE,FIIDII_BRK_LONG_FII,CE,1148.10,1135.98,1178.40,2.50,1.9,VERY_HIGH,STRONG_BUY
2026-09-08 09:30:22,MFSL,FIIDII_BRK_SHORT_FII,PE,1514.60,1544.62,1439.55,2.50,1.88,VERY_HIGH,STRONG_SELL
2026-09-08 09:35:38,CDSL,FIIDII_BRK_LONG_GENERAL,CE,1408.10,1366.29,1512.63,2.50,3.63,VERY_HIGH,STRONG_BUY
2026-09-08 09:35:38,LAURUSLABS,FIIDII_BRK_LONG_GENERAL,CE,1892.60,1847.94,2004.25,2.50,3.72,HIGH,NEUTRAL
2026-09-08 09:35:38,CDSL,FIIDII_BRK_LONG_FII,CE,1408.10,1366.29,1512.63,2.50,3.63,VERY_HIGH,STRONG_BUY
2026-09-08 09:35:38,NAUKRI,FIIDII_BRK_SHORT_FII_V2,PE,1280.00,1293.07,1247.33,2.50,5.43,VERY_HIGH,STRONG_SELL
2026-09-08 09:40:53,COFORGE,FIIDII_BRK_SHORT_GENERAL,PE,1935.80,1963.67,1866.12,2.50,3.89,HIGH,NEUTRAL
2026-09-08 09:40:53,OBEROIRLTY,FIIDII_BRK_SHORT_GENERAL,PE,1839.20,1896.27,1696.52,2.50,3.49,HIGH,NEUTRAL
2026-09-08 09:40:53,ICICIPRULI,FIIDII_BRK_SHORT_GENERAL,PE,472.45,501.70,399.32,2.50,3.68,HIGH,BUY
2026-09-08 09:40:53,TECHM,FIIDII_BRK_SHORT_GENERAL,PE,1558.60,1613.93,1420.28,2.50,2.15,HIGH,BUY
2026-09-08 09:40:53,HCLTECH,FIIDII_BRK_SHORT_GENERAL,PE,1280.70,1325.26,1169.29,2.50,2.49,HIGH,NEUTRAL
2026-09-08 09:40:53,BANDHANBNK,FIIDII_BRK_LONG_GENERAL,CE,168.31,165.05,176.45,2.50,4.16,HIGH,BUY
2026-09-08 09:40:53,AUROPHARMA,FIIDII_BRK_LONG_GENERAL,CE,1683.20,1651.03,1763.62,2.50,4.09,HIGH,NEUTRAL
2026-09-08 09:45:05,MCX,FIIDII_BRK_LONG_GENERAL,CE,3308.80,3167.17,3662.88,2.50,3.3,HIGH,NEUTRAL
2026-09-08 09:45:05,TVSMOTOR,FIIDII_BRK_SHORT_GENERAL,PE,4117.80,4199.96,3912.39,2.50,3.34,HIGH,NEUTRAL
2026-09-08 09:45:05,MAHABANK,FIIDII_BRK_SHORT_GENERAL,PE,84.30,87.03,77.47,2.50,3.4,HIGH,NEUTRAL
2026-09-08 09:50:19,BHARATFORG,FIIDII_BRK_SHORT_GENERAL,PE,1943.40,2029.47,1728.22,2.50,2.83,HIGH,NEUTRAL
2026-09-08 09:50:19,BEL,FIIDII_BRK_LONG_GENERAL,CE,413.50,405.63,433.18,2.50,4.0,HIGH,NEUTRAL
2026-09-08 09:50:19,BANKINDIA,FIIDII_BRK_SHORT_GENERAL,PE,140.91,146.53,126.86,2.50,5.16,HIGH,NEUTRAL
2026-09-08 09:50:19,MAZDOCK,FIIDII_BRK_SHORT_GENERAL,PE,2467.00,2505.29,2371.27,2.50,3.54,HIGH,NEUTRAL
2026-09-08 09:55:34,VOLTAS,FIIDII_BRK_SHORT_GENERAL,PE,1151.00,1174.01,1093.47,2.50,4.02,HIGH,NEUTRAL
2026-09-08 10:00:48,KPITTECH,FIIDII_BRK_SHORT_GENERAL,PE,557.20,584.65,488.58,2.50,2.76,HIGH,NEUTRAL
2026-09-08 10:00:48,SAIL,FIIDII_BRK_SHORT_GENERAL,PE,188.87,198.25,165.41,2.50,2.19,VERY_HIGH,STRONG_SELL
2026-09-08 10:06:03,BIOCON,FIIDII_BRK_SHORT_GENERAL,PE,394.75,404.16,371.23,2.50,2.26,HIGH,NEUTRAL
2026-09-08 10:06:03,SHRIRAMFIN,FIIDII_BRK_SHORT_GENERAL,PE,1017.70,1052.35,931.08,2.50,2.64,HIGH,NEUTRAL
2026-09-08 10:06:03,ADANIENSOL,FIIDII_BRK_SHORT_GENERAL,PE,1370.50,1395.57,1307.81,2.50,2.44,HIGH,NEUTRAL
2026-09-08 10:06:03,M&M,FIIDII_BRK_SHORT_GENERAL,PE,3103.10,3199.57,2861.93,2.50,3.15,HIGH,NEUTRAL
2026-09-08 10:10:15,LTF,FIIDII_BRK_SHORT_GENERAL,PE,309.60,315.29,295.37,2.50,2.63,HIGH,NEUTRAL
2026-09-08 10:10:15,TCS,FIIDII_BRK_SHORT_GENERAL,PE,2269.80,2345.82,2079.76,2.50,2.31,HIGH,NEUTRAL
2026-09-08 10:15:29,GODREJCP,FIIDII_BRK_SHORT_GENERAL,PE,864.35,877.98,830.28,2.50,2.18,HIGH,BUY
2026-09-08 10:15:29,KAYNES,FIIDII_BRK_LONG_GENERAL,CE,3658.00,3522.20,3997.50,2.50,2.22,HIGH,NEUTRAL
2026-09-08 10:15:29,NMDC,FIIDII_BRK_SHORT_GENERAL,PE,84.34,85.92,80.40,2.50,2.69,HIGH,NEUTRAL
2026-09-08 10:15:29,AMBUJACEM,FIIDII_BRK_SHORT_GENERAL,PE,399.05,404.66,385.02,2.50,2.5,HIGH,NEUTRAL
2026-09-08 10:15:29,PGEL,FIIDII_BRK_SHORT_GENERAL,PE,555.45,565.69,529.85,2.50,2.74,HIGH,NEUTRAL
2026-09-08 10:15:29,BAJAJFINSV,FIIDII_BRK_SHORT_GENERAL,PE,1948.90,1984.94,1858.81,2.50,2.28,HIGH,NEUTRAL
2026-09-08 10:15:29,PREMIERENE,FIIDII_BRK_SHORT_GENERAL,PE,994.00,1016.24,938.40,2.50,2.37,HIGH,NEUTRAL
2026-09-08 10:30:48,BHEL,FIIDII_BRK_SHORT_GENERAL,PE,424.75,433.70,402.38,2.50,2.26,HIGH,NEUTRAL
2026-09-08 10:40:14,COCHINSHIP,FIIDII_BRK_LONG_GENERAL,CE,1517.10,1483.24,1601.76,2.50,2.47,HIGH,NEUTRAL
2026-09-08 10:55:58,NAM-INDIA,FIIDII_BRK_LONG_GENERAL,CE,1186.70,1148.05,1283.34,2.50,2.5,HIGH,NEUTRAL
2026-09-08 11:20:05,SAIL,FIIDII_BRK_SHORT_FII,PE,189.65,196.39,172.81,2.50,2.54,VERY_HIGH,STRONG_SELL
2026-09-08 11:25:56,UNOMINDA,FIIDII_BRK_SHORT_GENERAL,PE,1235.00,1255.76,1183.11,2.50,2.83,HIGH,NEUTRAL
2026-09-08 11:25:56,INDIANB,FIIDII_BRK_SHORT_GENERAL,PE,863.00,898.39,774.53,2.50,2.28,HIGH,NEUTRAL
2026-09-08 11:30:08,KALYANKJIL,FIIDII_BRK_LONG_GENERAL,CE,605.50,585.34,655.90,2.50,2.67,HIGH,NEUTRAL
2026-09-08 11:30:08,DABUR,FIIDII_BRK_SHORT_GENERAL,PE,375.95,380.09,365.61,2.50,2.74,HIGH,NEUTRAL
2026-09-08 11:35:23,ATHERENERG,FIIDII_BRK_SHORT_GENERAL,PE,1570.60,1649.43,1373.52,2.50,1.82,HIGH,NEUTRAL
2026-09-08 11:35:23,JSWENERGY,FIIDII_BRK_SHORT_GENERAL,PE,525.85,543.38,482.04,2.50,2.25,HIGH,NEUTRAL
2026-09-08 11:40:37,HINDZINC,FIIDII_BRK_LONG_GENERAL,CE,601.25,583.99,644.39,2.50,1.83,HIGH,NEUTRAL
2026-09-08 11:45:52,MAXHEALTH,FIIDII_BRK_LONG_GENERAL,CE,996.00,982.54,1029.64,2.50,4.0,HIGH,BUY
2026-09-08 11:50:03,UNITDSPR,FIIDII_BRK_SHORT_GENERAL,PE,1436.50,1482.43,1321.67,2.50,1.85,HIGH,NEUTRAL
2026-09-08 12:30:31,OIL,FIIDII_BRK_LONG_GENERAL,CE,492.60,486.93,506.76,2.50,1.99,HIGH,STRONG_SELL
2026-09-09 09:20:41,COFORGE,FIIDII_BRK_SHORT_GENERAL,PE,1813.40,1980.42,1395.84,2.50,9.06,HIGH,NEUTRAL
2026-09-09 09:20:41,KAYNES,FIIDII_BRK_LONG_GENERAL,CE,3636.50,3510.94,3950.41,2.50,2.65,HIGH,NEUTRAL
2026-09-09 09:20:41,IDEA,FIIDII_BRK_LONG_GENERAL,CE,15.23,14.73,16.49,2.50,4.73,HIGH,NEUTRAL
2026-09-09 09:20:41,ATHERENERG,FIIDII_BRK_SHORT_GENERAL,PE,1577.30,1609.81,1496.01,2.50,4.29,HIGH,NEUTRAL
2026-09-09 09:20:41,COALINDIA,FIIDII_BRK_LONG_GENERAL,CE,426.40,412.66,460.75,2.50,5.41,HIGH,NEUTRAL
2026-09-09 09:20:41,HDFCBANK,FIIDII_BRK_SHORT_GENERAL,PE,699.55,714.54,662.08,2.50,4.31,HIGH,BUY
2026-09-09 09:20:41,BSE,FIIDII_BRK_SHORT_GENERAL,PE,3296.40,3464.86,2875.24,2.50,7.37,HIGH,NEUTRAL
2026-09-09 09:20:41,CGPOWER,FIIDII_BRK_LONG_GENERAL,CE,918.30,891.82,984.51,2.50,2.65,HIGH,NEUTRAL
2026-09-09 09:26:04,MANAPPURAM,FIIDII_BRK_SHORT_GENERAL,PE,320.90,342.27,267.47,2.50,5.15,HIGH,NEUTRAL
2026-09-09 09:26:04,HEROMOTOCO,FIIDII_BRK_SHORT_GENERAL,PE,5237.50,5324.93,5018.93,2.50,3.72,HIGH,NEUTRAL
2026-09-09 09:26:04,MAXHEALTH,FIIDII_BRK_LONG_GENERAL,CE,1023.20,994.61,1094.68,2.50,6.66,HIGH,NEUTRAL
2026-09-09 09:26:04,IRFC,FIIDII_BRK_SHORT_GENERAL,PE,82.14,83.78,78.04,2.50,4.83,HIGH,NEUTRAL
2026-09-09 09:26:04,IEX,FIIDII_BRK_SHORT_GENERAL,PE,116.87,120.96,106.64,2.50,3.13,HIGH,NEUTRAL
2026-09-09 09:26:04,JSWENERGY,FIIDII_BRK_SHORT_GENERAL,PE,535.50,539.41,525.72,2.50,4.25,HIGH,NEUTRAL
2026-09-09 09:26:04,PAYTM,FIIDII_BRK_LONG_GENERAL,CE,1723.80,1676.36,1842.41,2.50,6.65,HIGH,NEUTRAL
2026-09-09 09:26:04,BHARTIARTL,FIIDII_BRK_SHORT_GENERAL,PE,1823.90,1872.50,1702.40,2.50,4.99,HIGH,NEUTRAL
2026-09-09 09:26:04,OIL,FIIDII_BRK_LONG_GENERAL,CE,500.50,486.54,535.41,2.50,4.55,HIGH,NEUTRAL
2026-09-09 09:26:04,UNIONBANK,FIIDII_BRK_SHORT_GENERAL,PE,181.16,188.41,163.03,2.50,4.52,HIGH,NEUTRAL
2026-09-09 09:26:04,RVNL,FIIDII_BRK_SHORT_GENERAL,PE,208.05,213.84,193.58,2.50,5.16,HIGH,NEUTRAL
2026-09-09 09:26:04,BANDHANBNK,FIIDII_BRK_LONG_GENERAL,CE,169.63,164.83,181.62,2.50,2.07,VERY_HIGH,STRONG_BUY
2026-09-09 09:26:04,AUROPHARMA,FIIDII_BRK_LONG_GENERAL,CE,1699.70,1644.25,1838.32,2.50,4.79,VERY_HIGH,STRONG_BUY
2026-09-09 09:26:04,ADANIENT,FIIDII_BRK_LONG_GENERAL,CE,2992.00,2919.81,3172.46,2.50,6.29,HIGH,NEUTRAL
2026-09-09 09:26:04,BANDHANBNK,FIIDII_BRK_LONG_FII,CE,169.63,164.83,181.62,2.50,2.07,VERY_HIGH,STRONG_BUY
2026-09-09 09:26:04,AUROPHARMA,FIIDII_BRK_LONG_FII,CE,1699.70,1644.25,1838.32,2.50,4.79,VERY_HIGH,STRONG_BUY
2026-09-09 09:26:05,AUROPHARMA,FIIDII_BRK_LONG_FII_V2,CE,1699.70,1670.17,1773.51,2.50,4.79,VERY_HIGH,STRONG_BUY
2026-09-09 09:30:20,SAGILITY,FIIDII_BRK_SHORT_GENERAL,PE,45.10,47.25,39.72,2.50,2.51,VERY_HIGH,STRONG_SELL
2026-09-09 09:30:20,ICICIPRULI,FIIDII_BRK_SHORT_GENERAL,PE,462.10,504.66,355.70,2.50,4.53,HIGH,NEUTRAL
2026-09-09 09:30:20,TCS,FIIDII_BRK_SHORT_GENERAL,PE,2198.90,2329.47,1872.48,2.50,4.64,HIGH,NEUTRAL
2026-09-09 09:30:20,PGEL,FIIDII_BRK_SHORT_GENERAL,PE,551.90,562.38,525.69,2.50,2.88,HIGH,BUY
2026-09-09 09:30:20,NAUKRI,FIIDII_BRK_SHORT_GENERAL,PE,1268.80,1342.52,1084.51,2.50,3.26,HIGH,BUY
2026-09-09 09:30:20,PREMIERENE,FIIDII_BRK_SHORT_GENERAL,PE,993.00,1007.41,956.97,2.50,5.91,HIGH,NEUTRAL
2026-09-09 09:30:20,BHEL,FIIDII_BRK_SHORT_GENERAL,PE,429.25,436.36,411.49,2.50,4.75,HIGH,NEUTRAL
2026-09-09 09:30:20,SAIL,FIIDII_BRK_SHORT_GENERAL,PE,187.68,198.57,160.45,2.50,2.79,HIGH,NEUTRAL
2026-09-09 09:30:20,SAGILITY,FIIDII_BRK_SHORT_FII,PE,45.10,47.25,39.72,2.50,2.51,VERY_HIGH,STRONG_SELL
2026-09-09 09:30:20,SAGILITY,FIIDII_BRK_SHORT_FII_V2,PE,45.10,45.87,43.18,2.50,2.51,VERY_HIGH,STRONG_SELL
2026-09-09 09:35:40,RELIANCE,FIIDII_BRK_SHORT_GENERAL,PE,1286.80,1332.59,1172.34,2.50,3.7,HIGH,NEUTRAL
2026-09-09 09:35:40,GVT&D,FIIDII_BRK_LONG_GENERAL,CE,4781.40,4355.89,5845.17,2.50,4.03,HIGH,NEUTRAL
2026-09-09 09:35:40,NHPC,FIIDII_BRK_LONG_GENERAL,CE,77.44,76.27,80.36,2.50,4.72,HIGH,NEUTRAL
2026-09-09 09:35:40,ZYDUSLIFE,FIIDII_BRK_LONG_GENERAL,CE,1149.00,1129.60,1197.50,2.50,2.79,HIGH,NEUTRAL
2026-09-09 09:35:40,KALYANKJIL,FIIDII_BRK_LONG_GENERAL,CE,608.85,592.82,648.93,2.50,4.08,HIGH,BUY
2026-09-09 09:35:40,GLENMARK,FIIDII_BRK_LONG_GENERAL,CE,2460.00,2426.20,2544.50,2.50,3.02,HIGH,BUY
2026-09-09 09:40:58,ADANIPOWER,FIIDII_BRK_LONG_GENERAL,CE,211.00,207.03,220.93,2.50,3.81,HIGH,BUY
2026-09-09 09:40:58,INFY,FIIDII_BRK_SHORT_GENERAL,PE,1051.70,1137.20,837.95,2.50,3.57,HIGH,NEUTRAL
2026-09-09 09:40:58,MCX,FIIDII_BRK_LONG_GENERAL,CE,3365.00,3219.11,3729.72,2.50,4.02,HIGH,NEUTRAL
2026-09-09 09:40:58,TRENT,FIIDII_BRK_SHORT_GENERAL,PE,2806.40,2879.51,2623.62,2.50,2.78,HIGH,NEUTRAL
2026-09-09 09:40:58,TECHM,FIIDII_BRK_SHORT_GENERAL,PE,1517.70,1607.81,1292.43,2.50,2.98,HIGH,NEUTRAL
2026-09-09 09:40:58,LTF,FIIDII_BRK_SHORT_GENERAL,PE,309.50,319.56,284.36,2.50,3.96,HIGH,NEUTRAL
2026-09-09 09:40:58,INOXWIND,FIIDII_BRK_LONG_GENERAL,CE,76.43,73.44,83.91,2.50,3.45,HIGH,NEUTRAL
2026-09-09 09:40:58,ADANIGREEN,FIIDII_BRK_LONG_GENERAL,CE,1315.80,1287.73,1385.99,2.50,4.3,HIGH,NEUTRAL
2026-09-09 09:40:58,KPITTECH,FIIDII_BRK_SHORT_GENERAL,PE,558.35,588.76,482.32,2.50,3.52,HIGH,NEUTRAL
2026-09-09 09:40:58,HCLTECH,FIIDII_BRK_SHORT_GENERAL,PE,1245.30,1318.24,1062.94,2.50,3.49,HIGH,NEUTRAL
2026-09-09 09:40:58,POLICYBZR,FIIDII_BRK_SHORT_GENERAL,PE,1800.70,1859.36,1654.05,2.50,2.66,HIGH,NEUTRAL
2026-09-09 09:40:58,BANDHANBNK,FIIDII_BRK_LONG_FII_V2,CE,174.01,167.74,189.70,2.50,3.46,VERY_HIGH,STRONG_BUY
2026-09-09 09:45:12,INDUSTOWER,FIIDII_BRK_SHORT_GENERAL,PE,372.00,378.93,354.67,2.50,2.21,HIGH,NEUTRAL
2026-09-09 09:45:12,HDFCLIFE,FIIDII_BRK_SHORT_GENERAL,PE,521.80,548.69,454.57,2.50,5.0,HIGH,STRONG_BUY
2026-09-09 09:50:29,BDL,FIIDII_BRK_SHORT_GENERAL,PE,1231.00,1286.25,1092.88,2.50,2.78,HIGH,STRONG_BUY
2026-09-09 09:50:29,ADANIPORTS,FIIDII_BRK_LONG_GENERAL,CE,1718.10,1706.07,1748.18,2.50,3.32,HIGH,NEUTRAL
2026-09-09 09:50:29,MUTHOOTFIN,FIIDII_BRK_SHORT_GENERAL,PE,2820.70,2957.25,2479.34,2.50,3.43,HIGH,STRONG_BUY
2026-09-09 09:50:29,ADANIENSOL,FIIDII_BRK_LONG_GENERAL,CE,1418.40,1400.39,1463.43,2.50,3.66,HIGH,NEUTRAL
2026-09-09 09:50:29,CAMS,FIIDII_BRK_SHORT_GENERAL,PE,714.50,758.07,605.58,2.50,3.18,HIGH,NEUTRAL
2026-09-09 09:50:29,POWERGRID,FIIDII_BRK_LONG_GENERAL,CE,269.00,265.10,278.74,2.50,3.14,HIGH,NEUTRAL
2026-09-09 09:50:29,MFSL,FIIDII_BRK_SHORT_GENERAL,PE,1479.00,1565.98,1261.54,2.50,1.86,HIGH,NEUTRAL
2026-09-09 09:50:29,MAZDOCK,FIIDII_BRK_SHORT_GENERAL,PE,2431.90,2545.61,2147.62,2.50,3.1,HIGH,NEUTRAL
2026-09-09 09:55:47,LICHSGFIN,FIIDII_BRK_SHORT_GENERAL,PE,554.25,569.05,517.24,2.50,2.92,HIGH,BUY
2026-09-09 10:01:04,JSWSTEEL,FIIDII_BRK_SHORT_GENERAL,PE,1291.40,1312.93,1237.58,2.50,2.71,HIGH,NEUTRAL
2026-09-09 10:01:04,RBLBANK,FIIDII_BRK_LONG_GENERAL,CE,416.05,411.76,426.77,2.50,2.81,HIGH,NEUTRAL
2026-09-09 10:01:04,KEI,FIIDII_BRK_SHORT_GENERAL,PE,4625.00,4960.34,3786.66,2.50,3.21,HIGH,NEUTRAL
2026-09-09 10:05:18,ANGELONE,FIIDII_BRK_SHORT_GENERAL,PE,293.15,302.50,269.76,2.50,2.56,HIGH,NEUTRAL
2026-09-09 10:05:18,PETRONET,FIIDII_BRK_SHORT_GENERAL,PE,287.95,292.68,276.14,2.50,2.35,HIGH,NEUTRAL
2026-09-09 10:10:38,UNOMINDA,FIIDII_BRK_SHORT_GENERAL,PE,1233.70,1249.44,1194.36,2.50,2.35,HIGH,NEUTRAL
2026-09-09 10:10:38,OBEROIRLTY,FIIDII_BRK_SHORT_GENERAL,PE,1819.40,1931.68,1538.71,2.50,2.69,HIGH,NEUTRAL
2026-09-09 10:10:38,UNITDSPR,FIIDII_BRK_SHORT_GENERAL,PE,1417.00,1485.14,1246.64,2.50,2.62,HIGH,NEUTRAL
2026-09-09 10:10:38,TATAPOWER,FIIDII_BRK_LONG_GENERAL,CE,372.80,364.55,393.42,2.50,2.58,HIGH,NEUTRAL
2026-09-09 10:20:47,GODREJPROP,FIIDII_BRK_SHORT_GENERAL,PE,1887.70,2014.43,1570.89,2.50,2.51,HIGH,NEUTRAL
2026-09-09 10:20:47,GRASIM,FIIDII_BRK_SHORT_GENERAL,PE,3305.90,3337.98,3225.69,2.50,2.69,HIGH,NEUTRAL
2026-09-09 10:20:47,NYKAA,FIIDII_BRK_LONG_GENERAL,CE,340.85,333.50,359.23,2.50,2.18,HIGH,NEUTRAL
2026-09-09 10:20:47,AMBUJACEM,FIIDII_BRK_SHORT_GENERAL,PE,399.40,409.42,374.34,2.50,2.24,HIGH,NEUTRAL
2026-09-09 10:20:47,UPL,FIIDII_BRK_SHORT_GENERAL,PE,577.80,591.17,544.38,2.50,3.84,HIGH,NEUTRAL
2026-09-09 10:26:05,SHRIRAMFIN,FIIDII_BRK_SHORT_GENERAL,PE,1029.30,1052.75,970.68,2.50,2.53,HIGH,NEUTRAL
2026-09-09 10:26:05,LAURUSLABS,FIIDII_BRK_LONG_GENERAL,CE,1930.60,1846.44,2140.99,2.50,2.39,HIGH,BUY
2026-09-09 10:26:05,SWIGGY,FIIDII_BRK_SHORT_GENERAL,PE,274.90,282.49,255.91,2.50,2.47,HIGH,NEUTRAL
2026-09-09 10:30:19,ABCAPITAL,FIIDII_BRK_SHORT_GENERAL,PE,398.00,408.22,372.45,2.50,2.3,HIGH,NEUTRAL
2026-09-09 10:30:19,HDFCAMC,FIIDII_BRK_SHORT_GENERAL,PE,2431.20,2498.07,2264.02,2.50,2.05,HIGH,STRONG_BUY
2026-09-09 10:30:19,CROMPTON,FIIDII_BRK_SHORT_GENERAL,PE,231.50,236.10,220.01,2.50,2.21,HIGH,STRONG_BUY
2026-09-09 10:50:23,BAJFINANCE,FIIDII_BRK_SHORT_GENERAL,PE,1051.50,1062.08,1025.06,2.50,1.93,HIGH,NEUTRAL
2026-09-09 10:50:23,HYUNDAI,FIIDII_BRK_SHORT_GENERAL,PE,2174.10,2206.60,2092.85,2.50,2.17,HIGH,NEUTRAL
2026-09-09 10:50:23,SBICARD,FIIDII_BRK_LONG_GENERAL,CE,673.15,662.01,701.00,2.50,2.15,HIGH,NEUTRAL
2026-09-09 11:21:39,NATIONALUM,FIIDII_BRK_LONG_GENERAL,CE,385.50,372.18,418.80,2.50,3.43,VERY_HIGH,STRONG_BUY
2026-09-09 11:21:39,LUPIN,FIIDII_BRK_SHORT_GENERAL,PE,2093.90,2130.97,2001.22,2.50,2.37,HIGH,NEUTRAL
2026-09-09 11:21:39,NATIONALUM,FIIDII_BRK_LONG_FII,CE,385.50,372.18,418.80,2.50,3.43,VERY_HIGH,STRONG_BUY
2026-09-09 11:21:39,NATIONALUM,FIIDII_BRK_LONG_FII_V2,CE,385.50,370.54,422.91,2.50,3.43,VERY_HIGH,STRONG_BUY
2026-09-09 11:25:52,DRREDDY,FIIDII_BRK_SHORT_GENERAL,PE,1141.40,1166.99,1077.42,2.50,2.44,HIGH,NEUTRAL
2026-09-09 11:30:04,KFINTECH,FIIDII_BRK_SHORT_GENERAL,PE,917.50,936.95,868.87,2.50,2.43,HIGH,NEUTRAL
2026-09-09 11:30:04,DELHIVERY,FIIDII_BRK_SHORT_GENERAL,PE,451.05,461.53,424.85,2.50,3.05,HIGH,BUY
2026-09-09 12:35:04,INDIANB,FIIDII_BRK_SHORT_GENERAL,PE,857.70,893.52,768.14,2.50,2.09,HIGH,NEUTRAL
2026-09-09 12:40:20,GODREJCP,FIIDII_BRK_SHORT_GENERAL,PE,863.75,880.63,821.54,2.50,2.28,HIGH,NEUTRAL
2026-09-09 12:45:38,VBL,FIIDII_BRK_SHORT_GENERAL,PE,400.40,411.13,373.58,2.50,1.84,HIGH,NEUTRAL
2026-09-09 12:45:38,CROMPTON,FIIDII_BRK_LONG_FII_V2,CE,234.00,228.01,248.97,2.50,1.88,VERY_HIGH,STRONG_BUY
2026-09-09 13:23:23,ICICIGI,FIIDII_BRK_SHORT_GENERAL,PE,1471.40,1518.54,1353.55,2.50,1.81,HIGH,NEUTRAL
2026-09-15 09:21:36,ANGELONE,FIIDII_BRK_LONG_FII_V2,CE,305.60,297.06,326.96,2.50,4.24,VERY_HIGH,STRONG_BUY
2026-09-15 09:25:54,JINDALSTEL,FIIDII_BRK_SHORT_GENERAL,PE,1112.00,1151.85,1012.39,2.50,5.38,HIGH,NEUTRAL
2026-09-15 09:25:54,NATIONALUM,FIIDII_BRK_SHORT_GENERAL,PE,359.55,382.64,301.81,2.50,3.97,HIGH,BUY
2026-09-15 09:25:54,PRESTIGE,FIIDII_BRK_SHORT_GENERAL,PE,1470.00,1558.66,1248.35,2.50,2.92,HIGH,BUY
2026-09-15 09:25:54,TECHM,FIIDII_BRK_LONG_GENERAL,CE,1622.40,1503.78,1918.96,2.50,5.97,HIGH,NEUTRAL
2026-09-15 09:25:54,GODREJPROP,FIIDII_BRK_SHORT_GENERAL,PE,1718.00,1902.69,1256.27,2.50,1.8,HIGH,BUY
2026-09-15 09:25:54,LUPIN,FIIDII_BRK_SHORT_GENERAL,PE,2085.40,2112.32,2018.11,2.50,3.6,HIGH,NEUTRAL
2026-09-15 09:25:54,IDEA,FIIDII_BRK_SHORT_GENERAL,PE,14.78,15.60,12.74,2.50,4.45,HIGH,NEUTRAL
2026-09-15 09:25:54,APLAPOLLO,FIIDII_BRK_SHORT_GENERAL,PE,2122.00,2198.48,1930.81,2.50,2.94,HIGH,BUY
2026-09-15 09:25:54,JSWSTEEL,FIIDII_BRK_SHORT_GENERAL,PE,1261.20,1311.32,1135.89,2.50,4.33,HIGH,NEUTRAL
2026-09-15 09:25:54,LICI,FIIDII_BRK_SHORT_GENERAL,PE,397.80,410.23,366.73,2.50,3.27,HIGH,NEUTRAL
2026-09-15 09:25:54,HDFCBANK,FIIDII_BRK_LONG_GENERAL,CE,724.40,690.77,808.47,2.50,5.67,HIGH,NEUTRAL
2026-09-15 09:25:54,NAUKRI,FIIDII_BRK_LONG_GENERAL,CE,1297.00,1259.51,1390.72,2.50,6.31,HIGH,NEUTRAL
2026-09-15 09:25:54,BSE,FIIDII_BRK_LONG_GENERAL,CE,3370.10,3263.18,3637.40,2.50,4.22,VERY_HIGH,STRONG_BUY
2026-09-15 09:25:54,BEL,FIIDII_BRK_SHORT_GENERAL,PE,397.00,410.48,363.31,2.50,4.95,HIGH,NEUTRAL
2026-09-15 09:25:54,MAHABANK,FIIDII_BRK_SHORT_GENERAL,PE,83.13,84.50,79.70,2.50,3.57,HIGH,NEUTRAL
2026-09-15 09:25:54,SBICARD,FIIDII_BRK_SHORT_GENERAL,PE,643.55,676.27,561.74,2.50,2.2,HIGH,NEUTRAL
2026-09-15 09:25:54,LT,FIIDII_BRK_SHORT_GENERAL,PE,3877.10,4010.29,3544.11,2.50,4.52,HIGH,NEUTRAL
2026-09-15 09:25:54,ADANIENT,FIIDII_BRK_SHORT_GENERAL,PE,3024.90,3151.43,2708.59,2.50,2.28,HIGH,NEUTRAL
2026-09-15 09:25:54,BSE,FIIDII_BRK_LONG_FII,CE,3370.10,3263.18,3637.40,2.50,4.22,VERY_HIGH,STRONG_BUY
2026-09-15 09:25:54,GAIL,FIIDII_BRK_SHORT_FII_V2,PE,172.68,175.36,165.97,2.50,3.69,VERY_HIGH,STRONG_SELL
2026-09-15 09:30:08,CHOLAFIN,FIIDII_BRK_SHORT_GENERAL,PE,1823.80,1844.52,1772.01,2.50,3.04,HIGH,NEUTRAL
2026-09-15 09:30:08,NMDC,FIIDII_BRK_SHORT_GENERAL,PE,82.15,85.76,73.13,2.50,4.68,HIGH,NEUTRAL
2026-09-15 09:30:08,INOXWIND,FIIDII_BRK_SHORT_GENERAL,PE,75.67,76.85,72.72,2.50,3.79,HIGH,NEUTRAL
2026-09-15 09:30:08,CAMS,FIIDII_BRK_LONG_GENERAL,CE,723.60,712.46,751.46,2.50,3.61,HIGH,NEUTRAL
2026-09-15 09:30:08,NYKAA,FIIDII_BRK_LONG_GENERAL,CE,344.65,339.48,357.58,2.50,2.67,HIGH,NEUTRAL
2026-09-15 09:30:08,INDHOTEL,FIIDII_BRK_LONG_GENERAL,CE,726.05,718.84,744.08,2.50,4.97,HIGH,NEUTRAL
2026-09-15 09:30:08,HAL,FIIDII_BRK_SHORT_GENERAL,PE,4832.80,5058.63,4268.22,2.50,4.46,HIGH,NEUTRAL
2026-09-15 09:30:08,KPITTECH,FIIDII_BRK_LONG_GENERAL,CE,572.25,551.04,625.27,2.50,5.32,HIGH,NEUTRAL
2026-09-15 09:30:08,HCLTECH,FIIDII_BRK_LONG_GENERAL,CE,1287.50,1235.08,1418.54,2.50,5.53,HIGH,NEUTRAL
2026-09-15 09:30:08,GMRAIRPORT,FIIDII_BRK_SHORT_GENERAL,PE,95.31,98.54,87.22,2.50,4.61,HIGH,NEUTRAL
2026-09-15 09:30:08,ASHOKLEY,FIIDII_BRK_SHORT_GENERAL,PE,162.69,167.21,151.39,2.50,4.16,HIGH,NEUTRAL
2026-09-15 09:30:08,DELHIVERY,FIIDII_BRK_SHORT_GENERAL,PE,429.75,452.00,374.12,2.50,5.04,HIGH,NEUTRAL
2026-09-15 09:30:08,CGPOWER,FIIDII_BRK_SHORT_GENERAL,PE,891.60,918.90,823.35,2.50,3.83,HIGH,NEUTRAL
2026-09-15 09:30:08,DABUR,FIIDII_BRK_LONG_GENERAL,CE,385.00,368.09,427.27,2.50,5.59,HIGH,NEUTRAL
2026-09-15 09:35:40,GODREJCP,FIIDII_BRK_LONG_GENERAL,CE,872.30,856.92,910.75,2.50,4.17,HIGH,NEUTRAL
2026-09-15 09:35:40,INFY,FIIDII_BRK_LONG_GENERAL,CE,1089.80,1036.08,1224.09,2.50,4.53,HIGH,NEUTRAL
2026-09-15 09:35:40,SAGILITY,FIIDII_BRK_LONG_GENERAL,CE,45.96,44.93,48.52,2.50,3.29,VERY_HIGH,STRONG_BUY
2026-09-15 09:35:40,SBILIFE,FIIDII_BRK_SHORT_GENERAL,PE,1681.90,1700.29,1635.94,2.50,3.98,HIGH,NEUTRAL
2026-09-15 09:35:40,COCHINSHIP,FIIDII_BRK_SHORT_GENERAL,PE,1373.70,1514.43,1021.88,2.50,3.01,HIGH,BUY
2026-09-15 09:35:40,SAGILITY,FIIDII_BRK_LONG_FII,CE,45.96,44.93,48.52,2.50,3.29,VERY_HIGH,STRONG_BUY
2026-09-15 09:35:40,SAGILITY,FIIDII_BRK_LONG_FII_V2,CE,45.96,44.76,48.97,2.50,3.29,VERY_HIGH,STRONG_BUY
2026-09-15 09:40:04,SHRIRAMFIN,FIIDII_BRK_SHORT_GENERAL,PE,1012.40,1036.00,953.40,2.50,4.29,HIGH,NEUTRAL
2026-09-15 09:40:04,UPL,FIIDII_BRK_SHORT_GENERAL,PE,570.35,576.57,554.79,2.50,4.59,HIGH,NEUTRAL
2026-09-15 09:45:53,MCX,FIIDII_BRK_SHORT_GENERAL,PE,3193.70,3375.09,2740.21,2.50,3.53,HIGH,NEUTRAL
2026-09-15 09:45:53,ETERNAL,FIIDII_BRK_LONG_GENERAL,CE,324.40,319.29,337.18,2.50,2.99,HIGH,NEUTRAL
2026-09-15 09:50:16,BHARATFORG,FIIDII_BRK_SHORT_GENERAL,PE,1912.70,1984.34,1733.61,2.50,2.96,HIGH,NEUTRAL
2026-09-15 09:50:16,UNOMINDA,FIIDII_BRK_SHORT_GENERAL,PE,1194.70,1238.70,1084.69,2.50,2.92,HIGH,NEUTRAL
2026-09-15 09:50:16,TCS,FIIDII_BRK_LONG_GENERAL,CE,2302.80,2187.62,2590.76,2.50,2.97,HIGH,NEUTRAL
2026-09-15 09:50:16,SWIGGY,FIIDII_BRK_LONG_GENERAL,CE,280.50,273.48,298.06,2.50,3.49,HIGH,BUY
2026-09-15 09:50:16,MAZDOCK,FIIDII_BRK_SHORT_GENERAL,PE,2302.00,2416.43,2015.93,2.50,2.98,HIGH,NEUTRAL
2026-09-15 09:55:32,PNB,FIIDII_BRK_SHORT_GENERAL,PE,115.56,117.10,111.71,2.50,2.56,HIGH,NEUTRAL
2026-09-15 09:55:32,LODHA,FIIDII_BRK_SHORT_GENERAL,PE,1094.80,1211.32,803.49,2.50,2.19,HIGH,BUY
2026-09-15 10:00:50,COFORGE,FIIDII_BRK_SHORT_GENERAL,PE,1788.90,1875.61,1572.13,2.50,3.04,HIGH,NEUTRAL
2026-09-15 10:00:50,KEI,FIIDII_BRK_SHORT_GENERAL,PE,4499.00,4651.91,4116.72,2.50,2.66,HIGH,NEUTRAL
2026-09-15 10:05:04,BDL,FIIDII_BRK_SHORT_GENERAL,PE,1169.20,1222.66,1035.56,2.50,2.65,HIGH,NEUTRAL
2026-09-15 10:10:21,SONACOMS,FIIDII_BRK_SHORT_GENERAL,PE,780.85,798.19,737.51,2.50,2.2,HIGH,NEUTRAL
2026-09-15 10:15:48,LICHSGFIN,FIIDII_BRK_SHORT_GENERAL,PE,553.05,558.92,538.37,2.50,1.93,HIGH,STRONG_BUY
2026-09-15 10:15:48,IDFCFIRSTB,FIIDII_BRK_SHORT_GENERAL,PE,85.57,86.89,82.27,2.50,2.0,HIGH,NEUTRAL
2026-09-15 10:22:40,WIPRO,FIIDII_BRK_LONG_GENERAL,CE,172.20,167.05,185.08,2.50,2.32,HIGH,NEUTRAL
2026-09-15 10:30:05,OBEROIRLTY,FIIDII_BRK_SHORT_GENERAL,PE,1705.10,1831.08,1390.16,2.50,2.05,VERY_HIGH,STRONG_SELL
2026-09-15 10:30:05,ZYDUSLIFE,FIIDII_BRK_SHORT_GENERAL,PE,1106.90,1138.91,1026.88,2.50,2.5,HIGH,NEUTRAL
2026-09-15 10:30:05,INDUSINDBK,FIIDII_BRK_SHORT_GENERAL,PE,963.80,1007.01,855.77,2.50,2.11,HIGH,BUY
2026-09-15 10:30:05,BANDHANBNK,FIIDII_BRK_LONG_GENERAL,CE,177.37,172.11,190.51,2.50,2.45,HIGH,BUY
2026-09-15 10:30:05,KALYANKJIL,FIIDII_BRK_LONG_GENERAL,CE,614.40,602.59,643.93,2.50,2.39,HIGH,NEUTRAL
2026-09-15 10:30:05,OBEROIRLTY,FIIDII_BRK_SHORT_FII,PE,1705.10,1831.08,1390.16,2.50,2.05,VERY_HIGH,STRONG_SELL
2026-09-15 10:30:05,OBEROIRLTY,FIIDII_BRK_SHORT_FII_V2,PE,1705.10,1758.16,1572.45,2.50,2.05,VERY_HIGH,STRONG_SELL
2026-09-15 10:35:32,GVT&D,FIIDII_BRK_SHORT_GENERAL,PE,4388.70,4706.08,3595.26,2.50,2.14,HIGH,NEUTRAL
2026-09-15 10:40:59,PFC,FIIDII_BRK_SHORT_GENERAL,PE,348.70,353.96,335.55,2.50,2.51,HIGH,NEUTRAL
2026-09-15 11:21:02,KOTAKBANK,FIIDII_BRK_SHORT_GENERAL,PE,412.70,417.45,400.83,2.50,2.69,HIGH,BUY
2026-09-15 11:22:10,TMPV,FIIDII_BRK_LONG_GENERAL,CE,311.40,303.14,332.06,2.50,2.28,HIGH,NEUTRAL
2026-09-15 11:23:39,HINDALCO,FIIDII_BRK_SHORT_GENERAL,PE,969.30,1035.50,803.81,2.50,2.29,HIGH,BUY
2026-09-15 11:25:46,BAJFINANCE,FIIDII_BRK_SHORT_GENERAL,PE,1013.20,1055.96,906.30,2.50,2.18,HIGH,NEUTRAL
2026-09-15 11:35:14,BIOCON,FIIDII_BRK_SHORT_GENERAL,PE,386.65,399.29,355.04,2.50,2.16,HIGH,NEUTRAL
2026-09-15 11:45:57,NHPC,FIIDII_BRK_SHORT_GENERAL,PE,76.17,77.17,73.67,2.50,2.21,HIGH,NEUTRAL
2026-09-15 12:25:21,DLF,FIIDII_BRK_SHORT_GENERAL,PE,630.40,668.55,535.03,2.50,1.8,HIGH,BUY
2026-09-15 13:24:40,NESTLEIND,FIIDII_BRK_SHORT_GENERAL,PE,1369.80,1400.19,1293.83,2.50,1.98,HIGH,BUY
2026-09-15 14:20:34,INDIGO,FIIDII_BRK_SHORT_GENERAL,PE,4792.50,5006.47,4257.56,2.50,1.81,HIGH,NEUTRAL
2026-09-15 14:25:18,BHEL,FIIDII_BRK_SHORT_GENERAL,PE,417.60,433.60,377.61,2.50,2.09,HIGH,BUY
2026-09-15 14:26:22,ASTRAL,FIIDII_BRK_SHORT_GENERAL,PE,1381.10,1474.21,1148.33,2.50,2.21,HIGH,NEUTRAL
2026-09-16 09:21:07,NATIONALUM,FIIDII_BRK_SHORT_GENERAL,PE,355.20,380.84,291.10,2.50,3.08,HIGH,NEUTRAL
2026-09-16 09:21:07,BDL,FIIDII_BRK_SHORT_GENERAL,PE,1120.00,1205.51,906.24,2.50,3.98,HIGH,NEUTRAL
2026-09-16 09:21:07,BHARATFORG,FIIDII_BRK_SHORT_GENERAL,PE,1875.60,1976.11,1624.32,2.50,3.79,HIGH,NEUTRAL
2026-09-16 09:21:07,LODHA,FIIDII_BRK_SHORT_GENERAL,PE,1066.70,1159.37,835.03,2.50,4.6,HIGH,NEUTRAL
2026-09-16 09:21:07,ATHERENERG,FIIDII_BRK_SHORT_GENERAL,PE,1558.80,1646.93,1338.49,2.50,4.94,HIGH,NEUTRAL
2026-09-16 09:21:07,RELIANCE,FIIDII_BRK_SHORT_GENERAL,PE,1245.30,1280.03,1158.48,2.50,2.46,HIGH,BUY
2026-09-16 09:21:07,TCS,FIIDII_BRK_LONG_GENERAL,CE,2254.00,2198.48,2392.79,2.50,3.83,HIGH,BUY
2026-09-16 09:21:07,PGEL,FIIDII_BRK_SHORT_GENERAL,PE,521.90,544.93,464.33,2.50,1.89,HIGH,NEUTRAL
2026-09-16 09:21:07,DLF,FIIDII_BRK_SHORT_GENERAL,PE,619.10,657.82,522.31,2.50,2.04,HIGH,NEUTRAL
2026-09-16 09:21:07,MAZDOCK,FIIDII_BRK_SHORT_GENERAL,PE,2252.90,2406.20,1869.66,2.50,3.24,HIGH,NEUTRAL
2026-09-16 09:25:27,MANAPPURAM,FIIDII_BRK_SHORT_GENERAL,PE,321.90,326.98,309.21,2.50,3.89,HIGH,NEUTRAL
2026-09-16 09:25:27,JINDALSTEL,FIIDII_BRK_SHORT_GENERAL,PE,1096.20,1145.43,973.14,2.50,2.5,HIGH,NEUTRAL
2026-09-16 09:25:27,COFORGE,FIIDII_BRK_SHORT_GENERAL,PE,1765.40,1839.30,1580.65,2.50,3.78,HIGH,BUY
2026-09-16 09:25:27,CDSL,FIIDII_BRK_SHORT_GENERAL,PE,1306.70,1368.39,1152.47,2.50,3.19,HIGH,NEUTRAL
2026-09-16 09:25:27,KAYNES,FIIDII_BRK_SHORT_GENERAL,PE,3368.20,3557.04,2896.10,2.50,4.03,HIGH,NEUTRAL
2026-09-16 09:25:27,MCX,FIIDII_BRK_SHORT_GENERAL,PE,3112.00,3327.05,2574.37,2.50,4.57,HIGH,NEUTRAL
2026-09-16 09:25:27,SAGILITY,FIIDII_BRK_LONG_GENERAL,CE,45.64,44.45,48.62,2.50,3.47,HIGH,NEUTRAL
2026-09-16 09:25:27,HEROMOTOCO,FIIDII_BRK_LONG_GENERAL,CE,5301.00,5184.40,5592.50,2.50,4.63,HIGH,STRONG_SELL
2026-09-16 09:25:27,UNOMINDA,FIIDII_BRK_SHORT_GENERAL,PE,1172.40,1230.08,1028.20,2.50,3.98,HIGH,NEUTRAL
2026-09-16 09:25:27,ABCAPITAL,FIIDII_BRK_SHORT_GENERAL,PE,380.05,399.95,330.31,2.50,2.76,HIGH,BUY
2026-09-16 09:25:27,YESBANK,FIIDII_BRK_LONG_GENERAL,CE,24.02,22.26,28.41,2.50,6.72,HIGH,NEUTRAL
2026-09-16 09:25:27,CONCOR,FIIDII_BRK_SHORT_GENERAL,PE,487.00,508.77,432.57,2.50,3.84,HIGH,NEUTRAL
2026-09-16 09:25:27,VEDL,FIIDII_BRK_SHORT_GENERAL,PE,254.40,273.77,205.98,2.50,3.23,HIGH,NEUTRAL
2026-09-16 09:25:27,NAM-INDIA,FIIDII_BRK_SHORT_GENERAL,PE,1138.80,1173.41,1052.28,2.50,3.66,HIGH,BUY
2026-09-16 09:25:27,IDEA,FIIDII_BRK_SHORT_GENERAL,PE,14.27,15.35,11.58,2.50,4.41,HIGH,NEUTRAL
2026-09-16 09:25:27,COCHINSHIP,FIIDII_BRK_SHORT_GENERAL,PE,1316.70,1555.35,720.07,2.50,3.91,HIGH,NEUTRAL
2026-09-16 09:25:27,APLAPOLLO,FIIDII_BRK_SHORT_GENERAL,PE,2103.20,2181.93,1906.38,2.50,2.52,HIGH,NEUTRAL
2026-09-16 09:25:27,LICHSGFIN,FIIDII_BRK_SHORT_GENERAL,PE,537.60,555.91,491.82,2.50,1.86,HIGH,NEUTRAL
2026-09-16 09:25:27,NYKAA,FIIDII_BRK_SHORT_GENERAL,PE,333.00,344.78,303.55,2.50,4.7,HIGH,NEUTRAL
2026-09-16 09:25:27,GVT&D,FIIDII_BRK_SHORT_GENERAL,PE,4194.80,4587.52,3213.00,2.50,1.96,HIGH,NEUTRAL
2026-09-16 09:25:27,CROMPTON,FIIDII_BRK_SHORT_GENERAL,PE,227.30,233.01,213.03,2.50,1.84,HIGH,NEUTRAL
2026-09-16 09:25:27,LAURUSLABS,FIIDII_BRK_SHORT_GENERAL,PE,1894.70,1953.34,1748.09,2.50,4.05,HIGH,NEUTRAL
2026-09-16 09:25:27,KFINTECH,FIIDII_BRK_SHORT_GENERAL,PE,887.30,910.02,830.50,2.50,2.08,HIGH,NEUTRAL
2026-09-16 09:25:27,JUBLFOOD,FIIDII_BRK_SHORT_GENERAL,PE,465.95,473.37,447.41,2.50,2.5,HIGH,NEUTRAL
2026-09-16 09:25:27,INDUSINDBK,FIIDII_BRK_SHORT_GENERAL,PE,957.90,1003.20,844.65,2.50,2.58,HIGH,NEUTRAL
2026-09-16 09:25:27,MOTILALOFS,FIIDII_BRK_SHORT_GENERAL,PE,978.80,1022.86,868.65,2.50,1.99,HIGH,NEUTRAL
2026-09-16 09:25:27,KPITTECH,FIIDII_BRK_LONG_GENERAL,CE,561.40,549.60,590.91,2.50,2.74,HIGH,BUY
2026-09-16 09:25:27,PREMIERENE,FIIDII_BRK_SHORT_GENERAL,PE,928.30,971.81,819.53,2.50,3.0,HIGH,NEUTRAL
2026-09-16 09:25:27,SWIGGY,FIIDII_BRK_SHORT_GENERAL,PE,273.40,282.34,251.04,2.50,2.93,HIGH,NEUTRAL
2026-09-16 09:25:27,RBLBANK,FIIDII_BRK_SHORT_GENERAL,PE,400.85,414.39,367.00,2.50,3.64,HIGH,NEUTRAL
2026-09-16 09:25:27,KEI,FIIDII_BRK_SHORT_GENERAL,PE,4505.50,4620.82,4217.20,2.50,3.74,HIGH,NEUTRAL
2026-09-16 09:25:27,SBICARD,FIIDII_BRK_SHORT_GENERAL,PE,621.15,667.75,504.66,2.50,3.22,HIGH,NEUTRAL
2026-09-16 09:25:27,RVNL,FIIDII_BRK_SHORT_GENERAL,PE,198.50,208.77,172.81,2.50,3.89,HIGH,NEUTRAL
2026-09-16 09:25:27,POLICYBZR,FIIDII_BRK_SHORT_GENERAL,PE,1735.50,1801.19,1571.28,2.50,2.75,HIGH,NEUTRAL
2026-09-16 09:25:27,ETERNAL,FIIDII_BRK_SHORT_GENERAL,PE,314.45,320.56,299.18,2.50,2.69,HIGH,NEUTRAL
2026-09-16 09:25:27,AUROPHARMA,FIIDII_BRK_SHORT_GENERAL,PE,1640.80,1676.11,1552.52,2.50,3.46,HIGH,NEUTRAL
2026-09-16 09:25:27,UPL,FIIDII_BRK_SHORT_GENERAL,PE,559.00,578.03,511.43,2.50,2.32,HIGH,NEUTRAL
2026-09-16 09:25:27,SUZLON,FIIDII_BRK_SHORT_GENERAL,PE,42.55,45.21,35.91,2.50,4.32,HIGH,NEUTRAL
2026-09-16 09:25:27,CGPOWER,FIIDII_BRK_SHORT_GENERAL,PE,852.35,919.25,685.10,2.50,2.14,HIGH,BUY
2026-09-16 09:25:27,BHEL,FIIDII_BRK_SHORT_GENERAL,PE,410.30,435.15,348.17,2.50,3.47,HIGH,NEUTRAL
2026-09-16 09:25:27,SAIL,FIIDII_BRK_SHORT_GENERAL,PE,173.02,186.67,138.90,2.50,4.46,HIGH,NEUTRAL
2026-09-16 09:25:27,GLENMARK,FIIDII_BRK_SHORT_GENERAL,PE,2355.70,2436.09,2154.73,2.50,3.01,HIGH,NEUTRAL
2026-09-16 09:30:43,BIOCON,FIIDII_BRK_SHORT_GENERAL,PE,377.95,393.23,339.76,2.50,1.9,HIGH,NEUTRAL
2026-09-16 09:30:43,HINDUNILVR,FIIDII_BRK_LONG_GENERAL,CE,1954.10,1931.99,2009.38,2.50,3.15,HIGH,BUY
2026-09-16 09:30:43,BANKBARODA,FIIDII_BRK_SHORT_GENERAL,PE,233.08,239.37,217.37,2.50,3.15,HIGH,NEUTRAL
2026-09-16 09:30:43,SONACOMS,FIIDII_BRK_SHORT_GENERAL,PE,777.55,807.41,702.89,2.50,3.67,HIGH,STRONG_BUY
2026-09-16 09:30:43,INOXWIND,FIIDII_BRK_SHORT_GENERAL,PE,73.88,77.37,65.15,2.50,3.6,HIGH,NEUTRAL
2026-09-16 09:30:43,IEX,FIIDII_BRK_SHORT_GENERAL,PE,111.36,117.55,95.88,2.50,2.86,HIGH,NEUTRAL
2026-09-16 09:30:43,NBCC,FIIDII_BRK_SHORT_GENERAL,PE,80.56,84.35,71.08,2.50,4.15,HIGH,NEUTRAL
2026-09-16 09:30:43,AMBUJACEM,FIIDII_BRK_SHORT_GENERAL,PE,382.30,396.94,345.71,2.50,3.41,HIGH,NEUTRAL
2026-09-16 09:30:43,PIDILITIND,FIIDII_BRK_SHORT_GENERAL,PE,1532.10,1564.98,1449.90,2.50,3.87,HIGH,NEUTRAL
2026-09-16 09:30:43,ANGELONE,FIIDII_BRK_SHORT_GENERAL,PE,293.75,301.40,274.62,2.50,3.07,HIGH,NEUTRAL
2026-09-16 09:30:43,BANKINDIA,FIIDII_BRK_SHORT_GENERAL,PE,137.52,142.58,124.88,2.50,4.56,HIGH,NEUTRAL
2026-09-16 09:30:43,ASHOKLEY,FIIDII_BRK_SHORT_GENERAL,PE,156.06,166.78,129.26,2.50,2.05,HIGH,NEUTRAL
2026-09-16 09:35:57,ASTRAL,FIIDII_BRK_SHORT_GENERAL,PE,1375.50,1467.69,1145.03,2.50,4.28,HIGH,NEUTRAL
2026-09-16 09:35:57,ADANIGREEN,FIIDII_BRK_SHORT_GENERAL,PE,1258.10,1317.04,1110.75,2.50,3.15,HIGH,NEUTRAL
2026-09-16 09:35:57,HCLTECH,FIIDII_BRK_LONG_GENERAL,CE,1273.30,1207.67,1437.38,2.50,4.04,HIGH,BUY
2026-09-16 09:35:57,M&M,FIIDII_BRK_SHORT_GENERAL,PE,3077.90,3141.60,2918.66,2.50,3.65,HIGH,NEUTRAL
2026-09-16 09:40:11,ADANIPOWER,FIIDII_BRK_SHORT_GENERAL,PE,201.20,214.40,168.20,2.50,3.32,HIGH,NEUTRAL
2026-09-16 09:40:11,INFY,FIIDII_BRK_LONG_GENERAL,CE,1073.30,1032.29,1175.82,2.50,3.04,HIGH,BUY
2026-09-16 09:40:11,PFC,FIIDII_BRK_SHORT_GENERAL,PE,344.40,352.15,325.02,2.50,3.31,HIGH,NEUTRAL
2026-09-16 09:40:11,TECHM,FIIDII_BRK_LONG_GENERAL,CE,1568.00,1510.45,1711.86,2.50,3.32,HIGH,NEUTRAL
2026-09-16 09:40:11,WIPRO,FIIDII_BRK_LONG_GENERAL,CE,168.50,166.24,174.15,2.50,3.82,HIGH,NEUTRAL
2026-09-16 09:40:11,LTF,FIIDII_BRK_SHORT_GENERAL,PE,295.50,309.83,259.68,2.50,2.13,HIGH,NEUTRAL
2026-09-16 09:40:11,GODREJPROP,FIIDII_BRK_SHORT_GENERAL,PE,1656.30,1854.35,1161.18,2.50,2.62,HIGH,NEUTRAL
2026-09-16 09:40:11,CHOLAFIN,FIIDII_BRK_SHORT_GENERAL,PE,1767.50,1856.55,1544.87,2.50,2.27,HIGH,NEUTRAL
2026-09-16 09:40:11,NMDC,FIIDII_BRK_SHORT_GENERAL,PE,80.00,85.84,65.41,2.50,3.63,HIGH,NEUTRAL
2026-09-16 09:40:11,ASIANPAINT,FIIDII_BRK_SHORT_GENERAL,PE,2400.00,2484.93,2187.67,2.50,2.42,HIGH,NEUTRAL
2026-09-16 09:40:11,CAMS,FIIDII_BRK_SHORT_GENERAL,PE,704.05,721.16,661.28,2.50,3.1,HIGH,NEUTRAL
2026-09-16 09:40:11,INDIANB,FIIDII_BRK_SHORT_GENERAL,PE,836.25,867.09,759.14,2.50,2.78,HIGH,NEUTRAL
2026-09-16 09:40:11,RECLTD,FIIDII_BRK_SHORT_GENERAL,PE,309.70,315.54,295.09,2.50,2.83,HIGH,NEUTRAL
2026-09-16 09:40:11,MAHABANK,FIIDII_BRK_SHORT_GENERAL,PE,79.74,86.32,63.29,2.50,3.69,HIGH,NEUTRAL
2026-09-16 09:40:11,PETRONET,FIIDII_BRK_SHORT_GENERAL,PE,279.70,291.37,250.52,2.50,3.06,HIGH,NEUTRAL
2026-09-16 09:40:12,PERSISTENT,FIIDII_BRK_SHORT_FII_V2,PE,5396.00,5539.57,5037.08,2.50,3.27,VERY_HIGH,STRONG_SELL
2026-09-16 09:45:28,WAAREEENER,FIIDII_BRK_SHORT_GENERAL,PE,2493.00,2563.07,2317.83,2.50,3.75,HIGH,NEUTRAL
2026-09-16 09:45:28,MAXHEALTH,FIIDII_BRK_SHORT_GENERAL,PE,1023.00,1037.50,986.74,2.50,2.75,HIGH,NEUTRAL
2026-09-16 09:45:28,IRFC,FIIDII_BRK_SHORT_GENERAL,PE,78.34,82.14,68.85,2.50,3.67,HIGH,NEUTRAL
2026-09-16 09:45:28,JIOFIN,FIIDII_BRK_SHORT_GENERAL,PE,225.46,232.93,206.79,2.50,3.26,HIGH,NEUTRAL
2026-09-16 09:45:28,HYUNDAI,FIIDII_BRK_SHORT_GENERAL,PE,2148.30,2222.55,1962.68,2.50,4.62,HIGH,NEUTRAL
2026-09-16 09:45:28,PNBHOUSING,FIIDII_BRK_SHORT_GENERAL,PE,1133.00,1161.47,1061.82,2.50,3.45,HIGH,NEUTRAL
2026-09-16 09:50:44,VOLTAS,FIIDII_BRK_SHORT_GENERAL,PE,1140.40,1153.25,1108.28,2.50,3.15,HIGH,NEUTRAL
2026-09-16 09:50:44,LUPIN,FIIDII_BRK_SHORT_GENERAL,PE,2044.70,2086.64,1939.85,2.50,3.23,HIGH,NEUTRAL
2026-09-16 09:50:44,ADANIENSOL,FIIDII_BRK_SHORT_GENERAL,PE,1356.70,1412.93,1216.13,2.50,3.17,HIGH,NEUTRAL
2026-09-16 09:50:44,BANDHANBNK,FIIDII_BRK_SHORT_GENERAL,PE,170.40,172.64,164.81,2.50,2.86,HIGH,NEUTRAL
2026-09-16 09:50:44,DELHIVERY,FIIDII_BRK_SHORT_GENERAL,PE,419.15,448.34,346.17,2.50,3.35,HIGH,BUY
2026-09-16 09:50:44,ADANIENT,FIIDII_BRK_SHORT_GENERAL,PE,2933.70,3103.18,2510.00,2.50,2.27,HIGH,NEUTRAL
2026-09-16 09:55:58,VMM,FIIDII_BRK_SHORT_GENERAL,PE,99.97,103.30,91.65,2.50,3.32,HIGH,NEUTRAL
2026-09-16 09:55:58,UNITDSPR,FIIDII_BRK_SHORT_GENERAL,PE,1381.80,1419.24,1288.19,2.50,1.9,HIGH,NEUTRAL
2026-09-16 09:55:58,MUTHOOTFIN,FIIDII_BRK_SHORT_GENERAL,PE,2784.00,2835.48,2655.30,2.50,2.86,HIGH,NEUTRAL
2026-09-16 09:55:58,BAJFINANCE,FIIDII_BRK_SHORT_GENERAL,PE,1016.20,1051.65,927.59,2.50,1.87,HIGH,NEUTRAL
2026-09-16 09:55:58,HAL,FIIDII_BRK_SHORT_GENERAL,PE,4654.00,4999.15,3791.12,2.50,2.6,HIGH,NEUTRAL
2026-09-16 09:55:58,LICI,FIIDII_BRK_SHORT_GENERAL,PE,389.60,405.41,350.07,2.50,2.29,HIGH,NEUTRAL
2026-09-16 09:55:58,HDFCBANK,FIIDII_BRK_LONG_GENERAL,CE,719.60,684.54,807.25,2.50,2.49,HIGH,BUY
2026-09-16 09:55:58,IREDA,FIIDII_BRK_SHORT_GENERAL,PE,108.44,113.84,94.94,2.50,2.88,HIGH,NEUTRAL
2026-09-16 09:55:58,BAJAJFINSV,FIIDII_BRK_SHORT_GENERAL,PE,1858.70,1943.91,1645.66,2.50,2.87,HIGH,NEUTRAL
2026-09-16 09:55:58,TVSMOTOR,FIIDII_BRK_SHORT_GENERAL,PE,4043.00,4156.63,3758.92,2.50,2.94,HIGH,NEUTRAL
2026-09-16 09:55:58,INDIGO,FIIDII_BRK_SHORT_GENERAL,PE,4768.50,4949.30,4316.49,2.50,1.87,HIGH,NEUTRAL
2026-09-16 09:55:58,AUBANK,FIIDII_BRK_SHORT_GENERAL,PE,1023.60,1058.16,937.19,2.50,2.96,HIGH,NEUTRAL
2026-09-16 09:55:58,KALYANKJIL,FIIDII_BRK_SHORT_GENERAL,PE,598.00,618.05,547.88,2.50,2.85,HIGH,NEUTRAL
2026-09-16 09:55:58,GAIL,FIIDII_BRK_SHORT_GENERAL,PE,169.56,175.77,154.05,2.50,3.15,HIGH,NEUTRAL
2026-09-16 10:05:22,TATASTEEL,FIIDII_BRK_SHORT_GENERAL,PE,180.58,188.66,160.37,2.50,2.36,HIGH,NEUTRAL
2026-09-16 10:05:22,OIL,FIIDII_BRK_SHORT_GENERAL,PE,484.60,511.13,418.28,2.50,2.38,HIGH,NEUTRAL
2026-09-16 10:15:52,PATANJALI,FIIDII_BRK_LONG_GENERAL,CE,346.95,339.28,366.13,2.50,3.23,HIGH,NEUTRAL
2026-09-16 10:15:52,HDFCAMC,FIIDII_BRK_SHORT_GENERAL,PE,2378.40,2429.37,2250.98,2.50,2.09,HIGH,NEUTRAL
2026-09-16 10:20:08,HINDZINC,FIIDII_BRK_SHORT_GENERAL,PE,567.20,611.33,456.88,2.50,2.31,HIGH,NEUTRAL
2026-09-16 10:20:08,SHRIRAMFIN,FIIDII_BRK_SHORT_GENERAL,PE,981.20,1037.70,839.94,2.50,1.9,HIGH,BUY
2026-09-16 10:20:08,ADANIPORTS,FIIDII_BRK_SHORT_GENERAL,PE,1720.30,1777.32,1577.76,2.50,1.96,HIGH,NEUTRAL
2026-09-16 10:20:08,HINDALCO,FIIDII_BRK_SHORT_GENERAL,PE,968.90,1025.07,828.49,2.50,2.21,HIGH,NEUTRAL
2026-09-16 10:30:14,HAVELLS,FIIDII_BRK_SHORT_GENERAL,PE,1098.90,1116.34,1055.30,2.50,2.07,HIGH,NEUTRAL
2026-09-16 10:35:31,JSWSTEEL,FIIDII_BRK_SHORT_GENERAL,PE,1241.70,1306.31,1080.18,2.50,2.2,HIGH,NEUTRAL
2026-09-16 10:35:31,MFSL,FIIDII_BRK_SHORT_GENERAL,PE,1441.00,1474.91,1356.22,2.50,3.1,HIGH,BUY
2026-09-16 10:50:16,TRENT,FIIDII_BRK_SHORT_GENERAL,PE,2768.00,2828.36,2617.10,2.50,2.04,HIGH,NEUTRAL
2026-09-16 12:25:51,ZYDUSLIFE,FIIDII_BRK_SHORT_GENERAL,PE,1106.20,1121.35,1068.32,2.50,1.97,HIGH,NEUTRAL
2026-09-16 12:50:57,SBILIFE,FIIDII_BRK_SHORT_GENERAL,PE,1676.30,1702.69,1610.32,2.50,2.16,HIGH,BUY
2026-09-17 09:21:34,HINDZINC,FIIDII_BRK_SHORT_GENERAL,PE,568.65,578.88,543.07,2.50,3.02,HIGH,NEUTRAL
2026-09-17 09:21:34,BDL,FIIDII_BRK_SHORT_GENERAL,PE,1141.40,1182.14,1039.56,2.50,3.97,HIGH,NEUTRAL
2026-09-17 09:21:34,CDSL,FIIDII_BRK_SHORT_GENERAL,PE,1312.40,1334.39,1257.42,2.50,3.97,HIGH,NEUTRAL
2026-09-17 09:21:34,ADANIPOWER,FIIDII_BRK_SHORT_GENERAL,PE,204.18,211.24,186.53,2.50,4.64,HIGH,NEUTRAL
2026-09-17 09:21:34,BIOCON,FIIDII_BRK_SHORT_GENERAL,PE,374.30,389.82,335.51,2.50,2.44,HIGH,NEUTRAL
2026-09-17 09:21:34,MCX,FIIDII_BRK_SHORT_GENERAL,PE,3207.20,3302.78,2968.25,2.50,1.99,HIGH,NEUTRAL
2026-09-17 09:21:34,ASTRAL,FIIDII_BRK_SHORT_GENERAL,PE,1376.40,1420.25,1266.78,2.50,4.02,HIGH,NEUTRAL
2026-09-17 09:21:34,CONCOR,FIIDII_BRK_SHORT_GENERAL,PE,490.20,500.70,463.96,2.50,1.95,HIGH,NEUTRAL
2026-09-17 09:21:34,LTF,FIIDII_BRK_SHORT_GENERAL,PE,296.50,307.12,269.95,2.50,5.18,HIGH,NEUTRAL
2026-09-17 09:21:34,WAAREEENER,FIIDII_BRK_SHORT_GENERAL,PE,2504.20,2548.82,2392.64,2.50,2.05,HIGH,NEUTRAL
2026-09-17 09:21:34,VEDL,FIIDII_BRK_SHORT_GENERAL,PE,256.00,264.69,234.27,2.50,3.55,HIGH,NEUTRAL
2026-09-17 09:21:34,ADANIPORTS,FIIDII_BRK_SHORT_GENERAL,PE,1735.10,1763.47,1664.16,2.50,2.94,HIGH,NEUTRAL
2026-09-17 09:21:34,VOLTAS,FIIDII_BRK_SHORT_GENERAL,PE,1135.00,1163.98,1062.55,2.50,2.55,HIGH,NEUTRAL
2026-09-17 09:21:34,IDEA,FIIDII_BRK_SHORT_GENERAL,PE,14.42,15.20,12.48,2.50,3.69,HIGH,NEUTRAL
2026-09-17 09:21:34,COCHINSHIP,FIIDII_BRK_SHORT_GENERAL,PE,1327.00,1427.47,1075.83,2.50,4.37,HIGH,NEUTRAL
2026-09-17 09:21:34,IRFC,FIIDII_BRK_SHORT_GENERAL,PE,79.70,80.79,76.97,2.50,4.06,HIGH,NEUTRAL
2026-09-17 09:21:34,ATHERENERG,FIIDII_BRK_SHORT_GENERAL,PE,1546.10,1676.92,1219.06,2.50,3.63,HIGH,NEUTRAL
2026-09-17 09:21:34,LICHSGFIN,FIIDII_BRK_SHORT_GENERAL,PE,548.65,568.55,498.90,2.50,1.95,HIGH,NEUTRAL
2026-09-17 09:21:34,NBCC,FIIDII_BRK_SHORT_GENERAL,PE,81.76,82.74,79.32,2.50,3.49,HIGH,NEUTRAL
2026-09-17 09:21:34,HAL,FIIDII_BRK_SHORT_GENERAL,PE,4733.00,4924.03,4255.43,2.50,3.74,HIGH,NEUTRAL
2026-09-17 09:21:34,PGEL,FIIDII_BRK_SHORT_GENERAL,PE,528.00,537.61,503.98,2.50,2.52,HIGH,NEUTRAL
2026-09-17 09:21:34,GVT&D,FIIDII_BRK_SHORT_GENERAL,PE,4308.90,4529.45,3757.53,2.50,2.09,HIGH,NEUTRAL
2026-09-17 09:21:34,IREDA,FIIDII_BRK_SHORT_GENERAL,PE,109.23,112.27,101.64,2.50,3.6,HIGH,NEUTRAL
2026-09-17 09:21:34,TVSMOTOR,FIIDII_BRK_SHORT_GENERAL,PE,4084.40,4135.17,3957.48,2.50,2.72,HIGH,NEUTRAL
2026-09-17 09:21:34,ZYDUSLIFE,FIIDII_BRK_SHORT_GENERAL,PE,1109.50,1135.90,1043.51,2.50,1.86,HIGH,NEUTRAL
2026-09-17 09:21:34,KFINTECH,FIIDII_BRK_SHORT_GENERAL,PE,885.00,901.10,844.76,2.50,2.79,HIGH,NEUTRAL
2026-09-17 09:21:34,FORTIS,FIIDII_BRK_SHORT_GENERAL,PE,882.15,893.87,852.84,2.50,3.0,HIGH,NEUTRAL
2026-09-17 09:21:34,BEL,FIIDII_BRK_SHORT_GENERAL,PE,392.30,404.66,361.40,2.50,3.91,HIGH,NEUTRAL
2026-09-17 09:21:34,RVNL,FIIDII_BRK_SHORT_GENERAL,PE,199.80,203.76,189.90,2.50,4.35,HIGH,NEUTRAL
2026-09-17 09:21:34,MAZDOCK,FIIDII_BRK_SHORT_GENERAL,PE,2245.60,2344.31,1998.82,2.50,6.67,HIGH,NEUTRAL
2026-09-17 09:21:34,AUROPHARMA,FIIDII_BRK_SHORT_GENERAL,PE,1652.60,1684.84,1572.00,2.50,4.79,HIGH,NEUTRAL
2026-09-17 09:21:34,ASHOKLEY,FIIDII_BRK_SHORT_GENERAL,PE,157.82,162.64,145.78,2.50,3.1,HIGH,NEUTRAL
2026-09-17 09:21:34,KALYANKJIL,FIIDII_BRK_SHORT_GENERAL,PE,587.10,601.20,551.85,2.50,2.93,HIGH,NEUTRAL
2026-09-17 09:21:34,SUZLON,FIIDII_BRK_SHORT_GENERAL,PE,42.48,44.08,38.48,2.50,2.44,HIGH,BUY
2026-09-17 09:21:34,CGPOWER,FIIDII_BRK_SHORT_GENERAL,PE,863.00,911.48,741.81,2.50,5.01,HIGH,NEUTRAL
2026-09-17 09:21:34,ADANIENT,FIIDII_BRK_SHORT_GENERAL,PE,2935.80,3034.07,2690.11,2.50,2.96,HIGH,NEUTRAL
2026-09-17 09:21:34,BHEL,FIIDII_BRK_SHORT_GENERAL,PE,415.50,427.38,385.80,2.50,1.93,HIGH,NEUTRAL
2026-09-17 09:21:34,SAIL,FIIDII_BRK_SHORT_GENERAL,PE,174.50,181.24,157.64,2.50,2.59,HIGH,NEUTRAL
2026-09-17 09:25:51,COFORGE,FIIDII_BRK_SHORT_GENERAL,PE,1762.40,1846.12,1553.10,2.50,3.6,HIGH,NEUTRAL
2026-09-17 09:25:51,INFY,FIIDII_BRK_LONG_GENERAL,CE,1051.70,1033.89,1096.23,2.50,2.61,HIGH,NEUTRAL
2026-09-17 09:25:51,SONACOMS,FIIDII_BRK_SHORT_GENERAL,PE,777.40,799.94,721.04,2.50,2.27,HIGH,BUY
2026-09-17 09:25:51,INDUSTOWER,FIIDII_BRK_SHORT_GENERAL,PE,380.25,388.91,358.59,2.50,2.16,HIGH,NEUTRAL
2026-09-17 09:25:51,TCS,FIIDII_BRK_SHORT_GENERAL,PE,2165.80,2218.44,2034.21,2.50,2.99,HIGH,NEUTRAL
2026-09-17 09:25:51,HCLTECH,FIIDII_BRK_LONG_GENERAL,CE,1237.40,1208.66,1309.24,2.50,3.59,HIGH,NEUTRAL
2026-09-17 09:25:51,PREMIERENE,FIIDII_BRK_SHORT_GENERAL,PE,890.80,974.92,680.51,2.50,2.22,HIGH,BUY
2026-09-17 09:25:51,POLICYBZR,FIIDII_BRK_SHORT_GENERAL,PE,1746.80,1812.62,1582.25,2.50,4.75,HIGH,STRONG_BUY
2026-09-17 09:25:51,ITC,FIIDII_BRK_LONG_GENERAL,CE,265.30,259.67,279.38,2.50,3.74,HIGH,NEUTRAL
2026-09-17 09:30:20,PNB,FIIDII_BRK_LONG_GENERAL,CE,118.64,115.50,126.48,2.50,5.11,VERY_HIGH,STRONG_BUY
2026-09-17 09:30:20,CHOLAFIN,FIIDII_BRK_SHORT_GENERAL,PE,1773.70,1832.08,1627.75,2.50,4.03,HIGH,NEUTRAL
2026-09-17 09:30:20,LICI,FIIDII_BRK_SHORT_GENERAL,PE,397.10,404.61,378.32,2.50,3.0,HIGH,NEUTRAL
2026-09-17 09:30:20,HYUNDAI,FIIDII_BRK_SHORT_GENERAL,PE,2166.30,2196.57,2090.63,2.50,2.49,HIGH,BUY
2026-09-17 09:30:20,HDFCLIFE,FIIDII_BRK_LONG_GENERAL,CE,537.25,518.69,583.65,2.50,2.8,HIGH,NEUTRAL
2026-09-17 09:30:20,HINDALCO,FIIDII_BRK_SHORT_GENERAL,PE,979.60,992.87,946.43,2.50,3.7,HIGH,STRONG_BUY
2026-09-17 09:30:20,PERSISTENT,FIIDII_BRK_SHORT_GENERAL,PE,5443.00,5534.05,5215.37,2.50,3.0,HIGH,NEUTRAL
2026-09-17 09:30:20,SBICARD,FIIDII_BRK_SHORT_GENERAL,PE,622.95,655.16,542.43,2.50,3.49,HIGH,NEUTRAL
2026-09-17 09:30:20,BANDHANBNK,FIIDII_BRK_SHORT_GENERAL,PE,174.26,178.70,163.15,2.50,3.53,HIGH,NEUTRAL
2026-09-17 09:30:20,ICICIGI,FIIDII_BRK_SHORT_GENERAL,PE,1448.60,1465.38,1406.64,2.50,2.24,HIGH,NEUTRAL
2026-09-17 09:30:20,PNB,FIIDII_BRK_LONG_FII,CE,118.64,115.50,126.48,2.50,5.11,VERY_HIGH,STRONG_BUY
2026-09-17 09:30:20,PNB,FIIDII_BRK_LONG_FII_V2,CE,118.64,116.12,124.94,2.50,5.11,VERY_HIGH,STRONG_BUY
2026-09-17 09:35:43,CANBK,FIIDII_BRK_LONG_GENERAL,CE,124.89,122.79,130.14,2.50,4.29,HIGH,NEUTRAL
2026-09-17 09:35:43,DLF,FIIDII_BRK_SHORT_GENERAL,PE,629.95,637.61,610.81,2.50,2.98,HIGH,NEUTRAL
2026-09-17 09:35:43,LAURUSLABS,FIIDII_BRK_SHORT_GENERAL,PE,1920.30,1979.82,1771.50,2.50,3.22,HIGH,BUY
2026-09-17 09:35:43,BAJAJFINSV,FIIDII_BRK_SHORT_GENERAL,PE,1858.50,1918.64,1708.15,2.50,2.84,HIGH,NEUTRAL
2026-09-17 09:35:43,MAHABANK,FIIDII_BRK_SHORT_GENERAL,PE,82.51,84.65,77.15,2.50,4.16,HIGH,NEUTRAL
2026-09-17 09:35:43,RBLBANK,FIIDII_BRK_SHORT_GENERAL,PE,409.90,413.99,399.68,2.50,3.84,HIGH,BUY
2026-09-17 09:35:43,ICICIBANK,FIIDII_BRK_SHORT_GENERAL,PE,1362.20,1383.84,1308.10,2.50,2.25,HIGH,NEUTRAL
2026-09-17 09:35:43,UNIONBANK,FIIDII_BRK_LONG_FII_V2,CE,180.40,177.22,188.36,2.50,2.71,VERY_HIGH,STRONG_BUY
2026-09-17 09:41:01,KAYNES,FIIDII_BRK_LONG_GENERAL,CE,3537.30,3432.77,3798.62,2.50,4.35,HIGH,NEUTRAL
2026-09-17 09:41:01,NYKAA,FIIDII_BRK_SHORT_GENERAL,PE,325.85,342.07,285.29,2.50,3.31,HIGH,BUY
2026-09-17 09:41:01,APLAPOLLO,FIIDII_BRK_SHORT_GENERAL,PE,2140.90,2173.80,2058.65,2.50,4.74,HIGH,STRONG_BUY
2026-09-17 09:41:01,MFSL,FIIDII_BRK_LONG_GENERAL,CE,1510.00,1466.49,1618.78,2.50,4.03,VERY_HIGH,STRONG_BUY
2026-09-17 09:41:01,MFSL,FIIDII_BRK_LONG_FII,CE,1510.00,1466.49,1618.78,2.50,4.03,VERY_HIGH,STRONG_BUY
2026-09-17 09:41:01,MFSL,FIIDII_BRK_LONG_FII_V2,CE,1510.00,1459.11,1637.23,2.50,4.03,VERY_HIGH,STRONG_BUY
2026-09-17 09:45:15,SHRIRAMFIN,FIIDII_BRK_SHORT_GENERAL,PE,996.00,1025.07,923.34,2.50,3.43,HIGH,NEUTRAL
2026-09-17 09:45:15,ABCAPITAL,FIIDII_BRK_SHORT_GENERAL,PE,384.75,394.88,359.42,2.50,2.95,HIGH,NEUTRAL
2026-09-17 09:50:40,MANAPPURAM,FIIDII_BRK_SHORT_GENERAL,PE,316.90,328.58,287.69,2.50,3.18,HIGH,NEUTRAL
2026-09-17 09:50:40,JUBLFOOD,FIIDII_BRK_LONG_GENERAL,CE,478.85,465.15,513.10,2.50,3.51,HIGH,NEUTRAL
2026-09-17 09:50:40,SWIGGY,FIIDII_BRK_SHORT_GENERAL,PE,275.50,279.94,264.41,2.50,3.13,HIGH,NEUTRAL
2026-09-17 09:50:40,GMRAIRPORT,FIIDII_BRK_SHORT_GENERAL,PE,94.16,96.79,87.59,2.50,2.76,HIGH,NEUTRAL
2026-09-17 09:50:40,ETERNAL,FIIDII_BRK_LONG_GENERAL,CE,324.65,317.54,342.41,2.50,3.15,HIGH,NEUTRAL
2026-09-17 09:55:57,PATANJALI,FIIDII_BRK_LONG_GENERAL,CE,357.55,337.73,407.09,2.50,2.06,VERY_HIGH,STRONG_BUY
2026-09-17 09:55:57,SBILIFE,FIIDII_BRK_LONG_GENERAL,CE,1706.70,1680.64,1771.84,2.50,2.72,HIGH,NEUTRAL
2026-09-17 09:55:57,PATANJALI,FIIDII_BRK_LONG_FII,CE,357.55,337.73,407.09,2.50,2.06,VERY_HIGH,STRONG_BUY
2026-09-17 10:00:09,ICICIPRULI,FIIDII_BRK_LONG_GENERAL,CE,478.25,462.66,517.23,2.50,2.54,HIGH,NEUTRAL
2026-09-17 10:00:09,NAM-INDIA,FIIDII_BRK_SHORT_GENERAL,PE,1112.60,1185.04,931.49,2.50,2.92,HIGH,NEUTRAL
2026-09-17 10:05:27,ADANIENSOL,FIIDII_BRK_SHORT_GENERAL,PE,1350.20,1381.63,1271.62,2.50,2.74,HIGH,NEUTRAL
2026-09-17 10:10:43,UPL,FIIDII_BRK_SHORT_GENERAL,PE,554.30,574.02,505.01,2.50,3.1,HIGH,BUY
2026-09-17 10:16:08,JSWSTEEL,FIIDII_BRK_SHORT_GENERAL,PE,1254.00,1290.26,1163.35,2.50,2.41,HIGH,BUY
2026-09-17 10:16:08,PNBHOUSING,FIIDII_BRK_SHORT_GENERAL,PE,1145.70,1193.17,1027.03,2.50,2.42,HIGH,BUY
2026-09-17 10:22:33,PAYTM,FIIDII_BRK_SHORT_GENERAL,PE,1771.30,1809.71,1675.27,2.50,2.27,HIGH,STRONG_BUY
2026-09-17 10:25:42,TATASTEEL,FIIDII_BRK_LONG_GENERAL,CE,184.95,181.57,193.39,2.50,2.29,HIGH,NEUTRAL
2026-09-17 10:37:05,MUTHOOTFIN,FIIDII_BRK_SHORT_GENERAL,PE,2759.40,2796.97,2665.49,2.50,2.6,HIGH,NEUTRAL
2026-09-17 10:37:05,ADANIGREEN,FIIDII_BRK_SHORT_GENERAL,PE,1271.70,1285.65,1236.84,2.50,2.09,HIGH,NEUTRAL
2026-09-17 11:00:27,KOTAKBANK,FIIDII_BRK_SHORT_GENERAL,PE,414.60,421.26,397.95,2.50,1.87,HIGH,NEUTRAL
2026-09-17 11:11:02,NHPC,FIIDII_BRK_SHORT_GENERAL,PE,75.23,77.28,70.10,2.50,2.57,HIGH,NEUTRAL
2026-09-17 11:23:17,PFC,FIIDII_BRK_SHORT_GENERAL,PE,346.05,351.65,332.05,2.50,2.5,HIGH,NEUTRAL
2026-09-17 11:25:23,INDUSINDBK,FIIDII_BRK_SHORT_GENERAL,PE,956.50,980.93,895.42,2.50,2.31,HIGH,NEUTRAL
2026-09-17 11:30:38,TATACONSUM,FIIDII_BRK_LONG_GENERAL,CE,1009.40,991.22,1054.86,2.50,3.54,HIGH,NEUTRAL
2026-09-17 11:35:53,TECHM,FIIDII_BRK_LONG_GENERAL,CE,1562.60,1534.48,1632.89,2.50,2.22,HIGH,NEUTRAL
2026-09-17 11:35:53,BLUESTARCO,FIIDII_BRK_SHORT_GENERAL,PE,1531.40,1569.39,1436.41,2.50,2.53,HIGH,NEUTRAL
2026-09-17 11:45:20,DRREDDY,FIIDII_BRK_SHORT_GENERAL,PE,1166.60,1181.94,1128.26,2.50,2.46,HIGH,NEUTRAL
2026-09-17 11:45:20,CIPLA,FIIDII_BRK_LONG_GENERAL,CE,1371.00,1348.94,1426.15,2.50,2.51,HIGH,NEUTRAL
2026-09-17 11:45:20,MOTILALOFS,FIIDII_BRK_SHORT_GENERAL,PE,996.50,1020.05,937.62,2.50,1.84,HIGH,NEUTRAL
2026-09-17 11:56:00,TMPV,FIIDII_BRK_LONG_GENERAL,CE,306.60,301.64,318.99,2.50,1.97,HIGH,NEUTRAL
2026-09-17 12:00:12,GODREJPROP,FIIDII_BRK_SHORT_GENERAL,PE,1694.30,1742.11,1574.77,2.50,1.97,HIGH,NEUTRAL
2026-09-17 12:35:53,VBL,FIIDII_BRK_LONG_GENERAL,CE,419.35,408.92,445.43,2.50,2.0,HIGH,NEUTRAL
2026-09-17 13:30:31,GRASIM,FIIDII_BRK_SHORT_GENERAL,PE,3161.10,3292.15,2833.48,2.50,1.9,HIGH,NEUTRAL
2026-09-21 09:25:08,COFORGE,FIIDII_BRK_LONG_GENERAL,CE,1793.00,1711.85,1995.88,2.50,5.08,HIGH,BUY
2026-09-21 09:25:08,KAYNES,FIIDII_BRK_LONG_GENERAL,CE,3564.00,3334.47,4137.83,2.50,5.05,HIGH,NEUTRAL
2026-09-21 09:25:08,IEX,FIIDII_BRK_LONG_GENERAL,CE,115.21,111.04,125.65,2.50,4.44,HIGH,NEUTRAL
2026-09-21 09:25:08,KPITTECH,FIIDII_BRK_SHORT_GENERAL,PE,529.30,561.18,449.60,2.50,3.57,HIGH,BUY
2026-09-21 09:25:08,PETRONET,FIIDII_BRK_LONG_GENERAL,CE,287.35,281.10,302.96,2.50,1.85,HIGH,BUY
2026-09-21 09:25:08,ADANIENT,FIIDII_BRK_LONG_GENERAL,CE,3009.60,2936.16,3193.19,2.50,4.06,VERY_HIGH,STRONG_BUY
2026-09-21 09:25:08,ADANIENT,FIIDII_BRK_LONG_FII,CE,3009.60,2936.16,3193.19,2.50,4.06,VERY_HIGH,STRONG_BUY
2026-09-21 09:25:08,ADANIENT,FIIDII_BRK_LONG_FII_V2,CE,3009.60,2973.75,3099.22,2.50,4.06,VERY_HIGH,STRONG_BUY
2026-09-21 09:26:15,IDEA,FIIDII_BRK_SHORT_GENERAL,PE,14.13,14.44,13.35,2.50,3.83,HIGH,BUY
2026-09-21 09:26:15,HDFCBANK,FIIDII_BRK_LONG_GENERAL,CE,737.10,713.35,796.47,2.50,3.37,HIGH,BUY
2026-09-21 09:30:31,BDL,FIIDII_BRK_LONG_GENERAL,CE,1180.00,1117.54,1336.16,2.50,4.29,HIGH,NEUTRAL
2026-09-21 09:30:31,PATANJALI,FIIDII_BRK_LONG_GENERAL,CE,378.20,347.50,454.94,2.50,5.78,HIGH,NEUTRAL
2026-09-21 09:30:31,INOXWIND,FIIDII_BRK_LONG_GENERAL,CE,76.01,73.41,82.51,2.50,4.22,HIGH,BUY
2026-09-21 09:30:31,INDHOTEL,FIIDII_BRK_LONG_GENERAL,CE,754.50,710.11,865.47,2.50,4.98,VERY_HIGH,STRONG_BUY
2026-09-21 09:30:31,GMRAIRPORT,FIIDII_BRK_LONG_GENERAL,CE,100.15,92.84,118.42,2.50,5.02,HIGH,BUY
2026-09-21 09:30:31,RVNL,FIIDII_BRK_LONG_GENERAL,CE,213.39,196.58,255.42,2.50,3.6,HIGH,BUY
2026-09-21 09:30:31,ICICIGI,FIIDII_BRK_LONG_GENERAL,CE,1482.80,1434.08,1604.59,2.50,4.16,HIGH,NEUTRAL
2026-09-21 09:30:31,DABUR,FIIDII_BRK_LONG_GENERAL,CE,392.25,384.44,411.77,2.50,3.11,HIGH,BUY
2026-09-21 09:30:31,INDHOTEL,FIIDII_BRK_LONG_FII,CE,754.50,710.11,865.47,2.50,4.98,VERY_HIGH,STRONG_BUY
2026-09-21 09:30:31,VMM,FIIDII_BRK_LONG_FII_V2,CE,101.65,100.42,104.73,2.50,2.3,VERY_HIGH,STRONG_BUY
2026-09-21 09:30:31,INDHOTEL,FIIDII_BRK_LONG_FII_V2,CE,754.50,734.79,803.78,2.50,4.98,VERY_HIGH,STRONG_BUY
2026-09-21 09:35:56,BIOCON,FIIDII_BRK_LONG_GENERAL,CE,391.85,379.11,423.70,2.50,3.56,HIGH,BUY
2026-09-21 09:35:56,GODREJPROP,FIIDII_BRK_LONG_GENERAL,CE,1708.50,1670.47,1803.57,2.50,3.51,HIGH,NEUTRAL
2026-09-21 09:35:56,IREDA,FIIDII_BRK_LONG_GENERAL,CE,112.37,108.17,122.86,2.50,2.82,HIGH,BUY
2026-09-21 09:35:56,INDIGO,FIIDII_BRK_LONG_GENERAL,CE,5000.00,4719.80,5700.51,2.50,3.76,HIGH,NEUTRAL
2026-09-21 09:35:56,BSE,FIIDII_BRK_SHORT_GENERAL,PE,3214.20,3265.57,3085.78,2.50,4.53,HIGH,NEUTRAL
2026-09-21 09:40:18,CONCOR,FIIDII_BRK_LONG_GENERAL,CE,496.85,485.54,525.13,2.50,2.84,HIGH,BUY
2026-09-21 09:40:18,AMBUJACEM,FIIDII_BRK_LONG_GENERAL,CE,394.05,382.35,423.30,2.50,3.41,VERY_HIGH,STRONG_BUY
2026-09-21 09:40:18,AMBUJACEM,FIIDII_BRK_LONG_FII,CE,394.05,382.35,423.30,2.50,3.41,VERY_HIGH,STRONG_BUY
2026-09-21 09:45:36,SUNPHARMA,FIIDII_BRK_LONG_GENERAL,CE,1881.00,1844.55,1972.13,2.50,2.75,HIGH,STRONG_SELL
2026-09-21 09:45:36,ETERNAL,FIIDII_BRK_LONG_GENERAL,CE,330.35,311.36,377.82,2.50,3.6,HIGH,NEUTRAL
2026-09-21 09:45:37,PREMIERENE,FIIDII_BRK_LONG_FII_V2,CE,904.70,893.51,932.67,2.50,2.44,VERY_HIGH,STRONG_BUY
2026-09-21 09:50:59,BANDHANBNK,FIIDII_BRK_LONG_GENERAL,CE,180.80,170.86,205.66,2.50,3.36,HIGH,BUY
2026-09-21 09:50:59,BLUESTARCO,FIIDII_BRK_LONG_GENERAL,CE,1573.00,1492.01,1775.47,2.50,3.17,HIGH,BUY
2026-09-21 09:55:15,PREMIERENE,FIIDII_BRK_LONG_GENERAL,CE,909.90,891.52,955.86,2.50,2.39,VERY_HIGH,STRONG_BUY
2026-09-21 09:55:16,PREMIERENE,FIIDII_BRK_LONG_FII,CE,909.90,891.52,955.86,2.50,2.39,VERY_HIGH,STRONG_BUY
2026-09-21 10:00:37,ADANIPOWER,FIIDII_BRK_LONG_GENERAL,CE,209.65,201.87,229.09,2.50,2.49,HIGH,BUY
2026-09-21 10:00:37,VMM,FIIDII_BRK_LONG_GENERAL,CE,102.20,100.26,107.05,2.50,2.1,VERY_HIGH,STRONG_BUY
2026-09-21 10:00:37,BHARTIARTL,FIIDII_BRK_LONG_GENERAL,CE,1844.50,1822.82,1898.71,2.50,2.95,HIGH,BUY
2026-09-21 10:00:37,VMM,FIIDII_BRK_LONG_FII,CE,102.20,100.26,107.05,2.50,2.1,VERY_HIGH,STRONG_BUY
2026-09-21 10:06:00,VOLTAS,FIIDII_BRK_LONG_GENERAL,CE,1155.40,1140.37,1192.98,2.50,3.16,HIGH,BUY
2026-09-21 10:06:00,AUBANK,FIIDII_BRK_LONG_GENERAL,CE,1042.50,1020.63,1097.18,2.50,2.09,VERY_HIGH,STRONG_BUY
2026-09-21 10:20:06,LICHSGFIN,FIIDII_BRK_LONG_GENERAL,CE,555.70,536.59,603.49,2.50,2.07,HIGH,NEUTRAL
2026-09-21 10:20:06,CIPLA,FIIDII_BRK_LONG_GENERAL,CE,1400.50,1350.93,1524.41,2.50,2.28,HIGH,BUY
2026-09-21 10:23:47,LUPIN,FIIDII_BRK_LONG_GENERAL,CE,2109.20,2031.79,2302.73,2.50,1.86,HIGH,BUY
2026-09-21 10:25:55,NATIONALUM,FIIDII_BRK_SHORT_GENERAL,PE,353.95,357.57,344.90,2.50,2.2,HIGH,BUY
2026-09-21 10:25:55,MARICO,FIIDII_BRK_LONG_GENERAL,CE,827.60,813.55,862.72,2.50,2.43,HIGH,BUY
2026-09-21 10:25:55,ZYDUSLIFE,FIIDII_BRK_LONG_GENERAL,CE,1165.40,1092.81,1346.87,2.50,1.96,VERY_HIGH,STRONG_BUY
2026-09-21 10:25:55,AUROPHARMA,FIIDII_BRK_LONG_GENERAL,CE,1724.20,1630.29,1958.96,2.50,2.28,HIGH,BUY
2026-09-21 10:25:55,ZYDUSLIFE,FIIDII_BRK_LONG_FII,CE,1165.40,1092.81,1346.87,2.50,1.96,VERY_HIGH,STRONG_BUY
2026-09-21 10:25:55,ZYDUSLIFE,FIIDII_BRK_LONG_FII_V2,CE,1165.40,1151.14,1201.06,2.50,1.96,VERY_HIGH,STRONG_BUY
2026-09-21 10:40:46,CGPOWER,FIIDII_BRK_LONG_GENERAL,CE,915.30,855.63,1064.49,2.50,2.06,HIGH,NEUTRAL
2026-09-21 10:45:04,MFSL,FIIDII_BRK_LONG_GENERAL,CE,1580.50,1455.22,1893.70,2.50,2.14,HIGH,NEUTRAL
2026-09-21 10:55:45,HDFCAMC,FIIDII_BRK_LONG_GENERAL,CE,2435.00,2382.83,2565.43,2.50,1.91,HIGH,BUY
2026-09-21 11:10:35,ICICIPRULI,FIIDII_BRK_LONG_GENERAL,CE,496.40,465.80,572.90,2.50,1.88,HIGH,NEUTRAL
2026-09-21 11:25:11,GODREJCP,FIIDII_BRK_LONG_GENERAL,CE,890.90,868.84,946.06,2.50,3.66,HIGH,BUY
2026-09-21 11:25:11,NAUKRI,FIIDII_BRK_LONG_GENERAL,CE,1284.80,1258.31,1351.02,2.50,2.55,HIGH,STRONG_SELL
2026-09-21 11:30:32,SAGILITY,FIIDII_BRK_LONG_FII_V2,CE,46.28,45.60,47.97,2.50,3.83,VERY_HIGH,STRONG_BUY
2026-09-21 11:35:58,UPL,FIIDII_BRK_LONG_GENERAL,CE,564.30,554.13,589.72,2.50,1.96,HIGH,BUY
2026-09-21 12:00:22,SAGILITY,FIIDII_BRK_LONG_GENERAL,CE,46.58,45.08,50.32,2.50,1.99,VERY_HIGH,STRONG_BUY
2026-09-21 12:35:53,FEDERALBNK,FIIDII_BRK_SHORT_GENERAL,PE,330.50,343.63,297.68,2.50,1.91,HIGH,STRONG_BUY
2026-09-21 12:55:56,HCLTECH,FIIDII_BRK_LONG_GENERAL,CE,1279.10,1250.24,1351.25,2.50,1.9,HIGH,BUY
2026-09-21 14:25:52,MCX,FIIDII_BRK_SHORT_GENERAL,PE,3201.80,3282.82,2999.25,2.50,2.25,HIGH,NEUTRAL
2026-09-21 14:25:52,VBL,FIIDII_BRK_LONG_GENERAL,CE,426.95,412.81,462.31,2.50,2.12,HIGH,BUY
2026-09-21 14:40:40,UNITDSPR,FIIDII_BRK_LONG_GENERAL,CE,1410.30,1376.96,1493.66,2.50,2.35,HIGH,BUY
2026-09-22 09:21:41,COFORGE,FIIDII_BRK_LONG_GENERAL,CE,1788.50,1756.81,1867.72,2.50,4.19,HIGH,NEUTRAL
2026-09-22 09:21:41,HDFCBANK,FIIDII_BRK_LONG_GENERAL,CE,745.50,711.46,830.60,2.50,3.54,HIGH,NEUTRAL
2026-09-22 09:21:41,HCLTECH,FIIDII_BRK_LONG_GENERAL,CE,1249.40,1235.18,1284.94,2.50,2.34,HIGH,NEUTRAL
2026-09-22 09:21:41,BANDHANBNK,FIIDII_BRK_LONG_GENERAL,CE,181.28,172.08,204.27,2.50,4.09,HIGH,NEUTRAL
2026-09-22 09:21:41,SUZLON,FIIDII_BRK_LONG_GENERAL,CE,43.92,42.33,47.89,2.50,5.17,HIGH,NEUTRAL
2026-09-22 09:25:52,HINDZINC,FIIDII_BRK_LONG_GENERAL,CE,595.15,566.05,667.91,2.50,2.22,HIGH,NEUTRAL
2026-09-22 09:25:52,MCX,FIIDII_BRK_SHORT_GENERAL,PE,3216.20,3313.91,2971.92,2.50,2.71,HIGH,NEUTRAL
2026-09-22 09:25:52,HINDPETRO,FIIDII_BRK_LONG_GENERAL,CE,361.05,350.30,387.94,2.50,3.56,HIGH,NEUTRAL
2026-09-22 09:25:52,TRENT,FIIDII_BRK_LONG_GENERAL,CE,2823.60,2771.66,2953.45,2.50,4.91,HIGH,NEUTRAL
2026-09-22 09:25:52,ADANIPORTS,FIIDII_BRK_LONG_GENERAL,CE,1808.00,1729.00,2005.51,2.50,3.83,HIGH,NEUTRAL
2026-09-22 09:25:52,OIL,FIIDII_BRK_SHORT_GENERAL,PE,474.00,481.69,454.77,2.50,2.03,HIGH,NEUTRAL
2026-09-22 09:25:52,BSE,FIIDII_BRK_SHORT_GENERAL,PE,3206.90,3293.75,2989.77,2.50,2.36,HIGH,BUY
2026-09-22 09:25:52,CGPOWER,FIIDII_BRK_LONG_GENERAL,CE,921.00,864.60,1062.00,2.50,4.31,HIGH,NEUTRAL
2026-09-22 09:30:03,INOXWIND,FIIDII_BRK_LONG_GENERAL,CE,78.70,73.74,91.10,2.50,3.55,HIGH,NEUTRAL
2026-09-22 09:30:03,GVT&D,FIIDII_BRK_LONG_GENERAL,CE,4484.40,4267.76,5026.00,2.50,5.73,HIGH,NEUTRAL
2026-09-22 09:30:03,PREMIERENE,FIIDII_BRK_LONG_GENERAL,CE,911.60,890.42,964.55,2.50,3.87,HIGH,NEUTRAL
2026-09-22 09:35:17,PATANJALI,FIIDII_BRK_LONG_GENERAL,CE,401.00,354.08,518.29,2.50,2.92,VERY_HIGH,STRONG_BUY
2026-09-22 09:35:17,LUPIN,FIIDII_BRK_LONG_GENERAL,CE,2122.70,2052.22,2298.89,2.50,3.81,HIGH,NEUTRAL
2026-09-22 09:35:17,DLF,FIIDII_BRK_LONG_GENERAL,CE,662.70,629.76,745.06,2.50,2.3,HIGH,NEUTRAL
2026-09-22 09:35:17,LAURUSLABS,FIIDII_BRK_LONG_GENERAL,CE,2022.80,1920.62,2278.25,2.50,4.06,HIGH,NEUTRAL
2026-09-22 09:35:17,DRREDDY,FIIDII_BRK_LONG_GENERAL,CE,1215.30,1150.74,1376.71,2.50,5.71,HIGH,NEUTRAL
2026-09-22 09:35:17,ZYDUSLIFE,FIIDII_BRK_LONG_GENERAL,CE,1171.80,1104.88,1339.11,2.50,3.72,HIGH,NEUTRAL
2026-09-22 09:35:17,POLICYBZR,FIIDII_BRK_LONG_GENERAL,CE,1791.30,1734.78,1932.60,2.50,2.57,HIGH,NEUTRAL
2026-09-22 09:35:17,M&M,FIIDII_BRK_SHORT_GENERAL,PE,3062.50,3128.36,2897.86,2.50,3.88,HIGH,NEUTRAL
2026-09-22 09:35:17,DELHIVERY,FIIDII_BRK_LONG_GENERAL,CE,433.95,419.79,469.36,2.50,3.24,VERY_HIGH,STRONG_BUY
2026-09-22 09:35:17,PATANJALI,FIIDII_BRK_LONG_FII,CE,401.00,354.08,518.29,2.50,2.92,VERY_HIGH,STRONG_BUY
2026-09-22 09:35:17,DELHIVERY,FIIDII_BRK_LONG_FII,CE,433.95,419.79,469.36,2.50,3.24,VERY_HIGH,STRONG_BUY
2026-09-22 09:35:18,PATANJALI,FIIDII_BRK_LONG_FII_V2,CE,401.00,393.32,420.21,2.50,2.92,VERY_HIGH,STRONG_BUY
2026-09-22 09:40:30,NMDC,FIIDII_BRK_SHORT_GENERAL,PE,80.12,81.34,77.06,2.50,4.16,HIGH,NEUTRAL
2026-09-22 09:40:30,RVNL,FIIDII_BRK_LONG_GENERAL,CE,212.30,197.71,248.79,2.50,3.82,HIGH,NEUTRAL
2026-09-22 09:40:30,ETERNAL,FIIDII_BRK_LONG_GENERAL,CE,338.60,325.37,371.67,2.50,3.22,HIGH,NEUTRAL
2026-09-22 09:45:43,HEROMOTOCO,FIIDII_BRK_LONG_GENERAL,CE,5435.50,5298.06,5779.10,2.50,2.98,HIGH,NEUTRAL
2026-09-22 09:45:43,LICHSGFIN,FIIDII_BRK_LONG_GENERAL,CE,567.20,542.47,629.03,2.50,2.42,VERY_HIGH,STRONG_BUY
2026-09-22 09:45:43,JIOFIN,FIIDII_BRK_LONG_GENERAL,CE,233.39,227.51,248.10,2.50,3.72,HIGH,NEUTRAL
2026-09-22 09:45:43,LICHSGFIN,FIIDII_BRK_LONG_FII,CE,567.20,542.47,629.03,2.50,2.42,VERY_HIGH,STRONG_BUY
2026-09-22 09:50:57,IDEA,FIIDII_BRK_SHORT_GENERAL,PE,13.78,14.38,12.27,2.50,2.98,HIGH,NEUTRAL
2026-09-22 09:50:57,COCHINSHIP,FIIDII_BRK_LONG_GENERAL,CE,1396.10,1310.76,1609.46,2.50,3.51,HIGH,NEUTRAL
2026-09-22 09:50:57,HDFCAMC,FIIDII_BRK_LONG_GENERAL,CE,2447.70,2382.73,2610.12,2.50,3.22,HIGH,NEUTRAL
2026-09-22 09:50:57,LICI,FIIDII_BRK_LONG_GENERAL,CE,405.15,396.31,427.26,2.50,2.96,HIGH,NEUTRAL
2026-09-22 10:00:19,ADANIENT,FIIDII_BRK_LONG_GENERAL,CE,2993.50,2907.25,3209.12,2.50,2.64,HIGH,NEUTRAL
2026-09-22 10:00:19,BPCL,FIIDII_BRK_LONG_GENERAL,CE,316.95,303.29,351.11,2.50,2.63,HIGH,NEUTRAL
2026-09-22 10:05:31,TITAN,FIIDII_BRK_LONG_GENERAL,CE,4960.00,4876.33,5169.18,2.50,2.84,HIGH,NEUTRAL
2026-09-22 10:05:31,IOC,FIIDII_BRK_LONG_GENERAL,CE,138.91,134.02,151.14,2.50,3.18,HIGH,NEUTRAL
2026-09-22 10:15:58,JINDALSTEL,FIIDII_BRK_LONG_GENERAL,CE,1140.00,1124.62,1178.46,2.50,2.52,HIGH,NEUTRAL
2026-09-22 10:15:58,CONCOR,FIIDII_BRK_SHORT_GENERAL,PE,482.30,491.22,460.00,2.50,2.41,HIGH,NEUTRAL
2026-09-22 10:20:10,INDUSTOWER,FIIDII_BRK_SHORT_GENERAL,PE,377.70,384.40,360.95,2.50,2.39,HIGH,NEUTRAL
2026-09-22 10:55:19,MANAPPURAM,FIIDII_BRK_LONG_GENERAL,CE,319.40,315.70,328.65,2.50,2.15,HIGH,NEUTRAL
2026-09-22 11:05:44,VOLTAS,FIIDII_BRK_SHORT_GENERAL,PE,1111.90,1141.21,1038.62,2.50,1.94,HIGH,NEUTRAL
2026-09-22 11:05:44,NAUKRI,FIIDII_BRK_LONG_GENERAL,CE,1304.00,1262.10,1408.74,2.50,1.95,HIGH,NEUTRAL
2026-09-22 11:10:57,HDFCLIFE,FIIDII_BRK_LONG_GENERAL,CE,565.90,549.35,607.28,2.50,1.83,HIGH,NEUTRAL
2026-09-22 11:20:20,PFC,FIIDII_BRK_SHORT_GENERAL,PE,345.20,348.24,337.60,2.50,1.98,HIGH,NEUTRAL
2026-09-22 11:22:01,BLUESTARCO,FIIDII_BRK_SHORT_GENERAL,PE,1536.00,1555.85,1486.37,2.50,2.55,HIGH,NEUTRAL
2026-09-22 11:30:21,KAYNES,FIIDII_BRK_LONG_GENERAL,CE,3578.20,3522.40,3717.70,2.50,2.43,HIGH,NEUTRAL
2026-09-22 11:30:21,VBL,FIIDII_BRK_LONG_GENERAL,CE,432.40,416.30,472.66,2.50,2.96,HIGH,NEUTRAL
2026-09-22 11:40:46,TATASTEEL,FIIDII_BRK_SHORT_GENERAL,PE,184.08,185.95,179.41,2.50,1.88,HIGH,NEUTRAL
2026-09-22 12:18:17,VMM,FIIDII_BRK_LONG_GENERAL,CE,102.24,100.80,105.85,2.50,2.06,HIGH,NEUTRAL
2026-09-22 12:40:50,NYKAA,FIIDII_BRK_LONG_GENERAL,CE,332.40,325.47,349.72,2.50,1.98,HIGH,NEUTRAL
2026-09-22 12:46:04,RBLBANK,FIIDII_BRK_LONG_GENERAL,CE,409.70,402.34,428.10,2.50,1.95,HIGH,NEUTRAL
